cluster_nl,date,prediction
BRAND_9259_COUNTRY_6B71,2023-01-01,1.0931776
BRAND_9259_COUNTRY_6B71,2023-02-01,1.1107682
BRAND_9259_COUNTRY_6B71,2023-03-01,1.113205
BRAND_9259_COUNTRY_6B71,2023-04-01,1.1237812
BRAND_9259_COUNTRY_6B71,2023-05-01,1.1259282
BRAND_9259_COUNTRY_6B71,2023-06-01,1.1255436
BRAND_9259_COUNTRY_6B71,2023-07-01,1.1303453
BRAND_9259_COUNTRY_6B71,2023-08-01,1.1303453
BRAND_9259_COUNTRY_6B71,2023-09-01,1.133454
BRAND_9259_COUNTRY_6B71,2023-10-01,1.1365342
BRAND_9259_COUNTRY_6B71,2023-11-01,1.1411182
BRAND_9259_COUNTRY_6B71,2023-12-01,1.1546432
BRAND_F649_COUNTRY_1033,2023-01-01,1.1143931
BRAND_F649_COUNTRY_1033,2023-02-01,1.1491591
BRAND_F649_COUNTRY_1033,2023-03-01,1.1619202
BRAND_F649_COUNTRY_1033,2023-04-01,1.1619016
BRAND_F649_COUNTRY_1033,2023-05-01,1.161094
BRAND_F649_COUNTRY_1033,2023-06-01,1.1621876
BRAND_F649_COUNTRY_1033,2023-07-01,1.1627097
BRAND_F649_COUNTRY_1033,2023-08-01,1.1641064
BRAND_F649_COUNTRY_1033,2023-09-01,1.1720433
BRAND_F649_COUNTRY_1033,2023-10-01,1.1762581
BRAND_F649_COUNTRY_1033,2023-11-01,1.1762581
BRAND_F649_COUNTRY_1033,2023-12-01,1.1762581
BRAND_8779_COUNTRY_84C8,2023-01-01,1.0162838
BRAND_8779_COUNTRY_84C8,2023-02-01,1.0162838
BRAND_8779_COUNTRY_84C8,2023-03-01,1.0219352
BRAND_8779_COUNTRY_84C8,2023-04-01,1.0360699
BRAND_8779_COUNTRY_84C8,2023-05-01,1.0303515
BRAND_8779_COUNTRY_84C8,2023-06-01,1.031445
BRAND_8779_COUNTRY_84C8,2023-07-01,1.0319672
BRAND_8779_COUNTRY_84C8,2023-08-01,1.0333639
BRAND_8779_COUNTRY_84C8,2023-09-01,1.0372796
BRAND_8779_COUNTRY_84C8,2023-10-01,1.0358096
BRAND_8779_COUNTRY_84C8,2023-11-01,1.0358096
BRAND_8779_COUNTRY_84C8,2023-12-01,1.0358096
BRAND_9E22_COUNTRY_5180,2023-01-01,1.057168
BRAND_9E22_COUNTRY_5180,2023-02-01,1.0677444
BRAND_9E22_COUNTRY_5180,2023-03-01,1.0715168
BRAND_9E22_COUNTRY_5180,2023-04-01,0.98948026
BRAND_9E22_COUNTRY_5180,2023-05-01,1.074314
BRAND_9E22_COUNTRY_5180,2023-06-01,1.0754117
BRAND_9E22_COUNTRY_5180,2023-07-01,1.0790426
BRAND_9E22_COUNTRY_5180,2023-08-01,1.0790426
BRAND_9E22_COUNTRY_5180,2023-09-01,1.0836265
BRAND_9E22_COUNTRY_5180,2023-10-01,1.0979109
BRAND_9E22_COUNTRY_5180,2023-11-01,1.0991694
BRAND_9E22_COUNTRY_5180,2023-12-01,1.1007189
BRAND_C352_COUNTRY_88A3,2023-01-01,1.1014076
BRAND_C352_COUNTRY_88A3,2023-02-01,1.10518
BRAND_C352_COUNTRY_88A3,2023-03-01,1.1432328
BRAND_C352_COUNTRY_88A3,2023-04-01,1.1475124
BRAND_C352_COUNTRY_88A3,2023-05-01,1.1475124
BRAND_C352_COUNTRY_88A3,2023-06-01,1.1517187
BRAND_C352_COUNTRY_88A3,2023-07-01,1.1734068
BRAND_C352_COUNTRY_88A3,2023-08-01,1.1779908
BRAND_C352_COUNTRY_88A3,2023-09-01,1.1832055
BRAND_C352_COUNTRY_88A3,2023-10-01,1.1822494
BRAND_C352_COUNTRY_88A3,2023-11-01,1.1822494
BRAND_C352_COUNTRY_88A3,2023-12-01,1.1822494
BRAND_E57A_COUNTRY_458E,2023-01-01,0.99811673
BRAND_E57A_COUNTRY_458E,2023-02-01,1.0126271
BRAND_E57A_COUNTRY_458E,2023-03-01,1.018144
BRAND_E57A_COUNTRY_458E,2023-04-01,1.0267217
BRAND_E57A_COUNTRY_458E,2023-05-01,1.030494
BRAND_E57A_COUNTRY_458E,2023-06-01,1.0347513
BRAND_E57A_COUNTRY_458E,2023-07-01,1.0395532
BRAND_E57A_COUNTRY_458E,2023-08-01,1.0395532
BRAND_E57A_COUNTRY_458E,2023-09-01,1.0426618
BRAND_E57A_COUNTRY_458E,2023-10-01,1.0426618
BRAND_E57A_COUNTRY_458E,2023-11-01,1.0472457
BRAND_E57A_COUNTRY_458E,2023-12-01,1.0638509
BRAND_9C65_COUNTRY_3536,2023-01-01,1.1338353
BRAND_9C65_COUNTRY_3536,2023-02-01,1.1384193
BRAND_9C65_COUNTRY_3536,2023-03-01,1.1467079
BRAND_9C65_COUNTRY_3536,2023-04-01,1.1528771
BRAND_9C65_COUNTRY_3536,2023-05-01,1.1528729
BRAND_9C65_COUNTRY_3536,2023-06-01,1.1539707
BRAND_9C65_COUNTRY_3536,2023-07-01,1.1558895
BRAND_9C65_COUNTRY_3536,2023-08-01,1.1540515
BRAND_9C65_COUNTRY_3536,2023-09-01,1.1525816
BRAND_9C65_COUNTRY_3536,2023-10-01,1.1525816
BRAND_9C65_COUNTRY_3536,2023-11-01,1.1525816
BRAND_9C65_COUNTRY_3536,2023-12-01,1.156705
BRAND_D13E_COUNTRY_9891,2023-01-01,1.9712048
BRAND_D13E_COUNTRY_9891,2023-02-01,1.9802642
BRAND_D13E_COUNTRY_9891,2023-03-01,1.9802642
BRAND_D13E_COUNTRY_9891,2023-04-01,2.1153502
BRAND_D13E_COUNTRY_9891,2023-05-01,2.1153502
BRAND_D13E_COUNTRY_9891,2023-06-01,2.1153805
BRAND_D13E_COUNTRY_9891,2023-07-01,2.1196911
BRAND_D13E_COUNTRY_9891,2023-08-01,2.1209497
BRAND_D13E_COUNTRY_9891,2023-09-01,2.122499
BRAND_D13E_COUNTRY_9891,2023-10-01,2.122499
BRAND_D13E_COUNTRY_9891,2023-11-01,2.123896
BRAND_D13E_COUNTRY_9891,2023-12-01,2.1492238
BRAND_740F_COUNTRY_9891,2023-01-01,1.1578453
BRAND_740F_COUNTRY_9891,2023-02-01,1.1610049
BRAND_740F_COUNTRY_9891,2023-03-01,1.1700643
BRAND_740F_COUNTRY_9891,2023-04-01,1.1700643
BRAND_740F_COUNTRY_9891,2023-05-01,1.1848933
BRAND_740F_COUNTRY_9891,2023-06-01,1.185991
BRAND_740F_COUNTRY_9891,2023-07-01,1.1854457
BRAND_740F_COUNTRY_9891,2023-08-01,1.1831248
BRAND_740F_COUNTRY_9891,2023-09-01,1.1843834
BRAND_740F_COUNTRY_9891,2023-10-01,1.1859329
BRAND_740F_COUNTRY_9891,2023-11-01,1.1859329
BRAND_740F_COUNTRY_9891,2023-12-01,1.1770582
BRAND_29F9_COUNTRY_5FEB,2023-01-01,1.8187561
BRAND_29F9_COUNTRY_5FEB,2023-02-01,1.8797942
BRAND_29F9_COUNTRY_5FEB,2023-03-01,1.8797942
BRAND_29F9_COUNTRY_5FEB,2023-04-01,1.8859634
BRAND_29F9_COUNTRY_5FEB,2023-05-01,1.8943694
BRAND_29F9_COUNTRY_5FEB,2023-06-01,2.0406585
BRAND_29F9_COUNTRY_5FEB,2023-07-01,2.0638163
BRAND_29F9_COUNTRY_5FEB,2023-08-01,2.1263132
BRAND_29F9_COUNTRY_5FEB,2023-09-01,2.130528
BRAND_29F9_COUNTRY_5FEB,2023-10-01,2.1188927
BRAND_29F9_COUNTRY_5FEB,2023-11-01,2.1188927
BRAND_29F9_COUNTRY_5FEB,2023-12-01,2.150749
BRAND_056A_COUNTRY_53A5,2023-01-01,1.7466056
BRAND_056A_COUNTRY_53A5,2023-02-01,1.7702675
BRAND_056A_COUNTRY_53A5,2023-03-01,1.8111701
BRAND_056A_COUNTRY_53A5,2023-04-01,1.9124097
BRAND_056A_COUNTRY_53A5,2023-05-01,1.9351888
BRAND_056A_COUNTRY_53A5,2023-06-01,1.9578388
BRAND_056A_COUNTRY_53A5,2023-07-01,1.9774742
BRAND_056A_COUNTRY_53A5,2023-08-01,2.033406
BRAND_056A_COUNTRY_53A5,2023-09-01,2.064198
BRAND_056A_COUNTRY_53A5,2023-10-01,2.064198
BRAND_056A_COUNTRY_53A5,2023-11-01,2.0804524
BRAND_056A_COUNTRY_53A5,2023-12-01,2.093052
BRAND_D786_COUNTRY_53A5,2023-01-01,2.0856633
BRAND_D786_COUNTRY_53A5,2023-02-01,2.1265657
BRAND_D786_COUNTRY_53A5,2023-03-01,2.2278051
BRAND_D786_COUNTRY_53A5,2023-04-01,2.2505844
BRAND_D786_COUNTRY_53A5,2023-05-01,2.2721367
BRAND_D786_COUNTRY_53A5,2023-06-01,2.2923474
BRAND_D786_COUNTRY_53A5,2023-07-01,2.336804
BRAND_D786_COUNTRY_53A5,2023-08-01,2.3540273
BRAND_D786_COUNTRY_53A5,2023-09-01,2.3540273
BRAND_D786_COUNTRY_53A5,2023-10-01,2.3702817
BRAND_D786_COUNTRY_53A5,2023-11-01,2.3828812
BRAND_D786_COUNTRY_53A5,2023-12-01,2.3828812
BRAND_740F_COUNTRY_53A5,2023-01-01,1.9272697
BRAND_740F_COUNTRY_53A5,2023-02-01,1.9681721
BRAND_740F_COUNTRY_53A5,2023-03-01,2.0694118
BRAND_740F_COUNTRY_53A5,2023-04-01,2.0370302
BRAND_740F_COUNTRY_53A5,2023-05-01,2.0585825
BRAND_740F_COUNTRY_53A5,2023-06-01,2.0787935
BRAND_740F_COUNTRY_53A5,2023-07-01,2.1352475
BRAND_740F_COUNTRY_53A5,2023-08-01,2.1524708
BRAND_740F_COUNTRY_53A5,2023-09-01,2.1524708
BRAND_740F_COUNTRY_53A5,2023-10-01,2.1687253
BRAND_740F_COUNTRY_53A5,2023-11-01,2.195493
BRAND_740F_COUNTRY_53A5,2023-12-01,2.195493
BRAND_4710_COUNTRY_5FEB,2023-01-01,0.94743097
BRAND_4710_COUNTRY_5FEB,2023-02-01,1.0183218
BRAND_4710_COUNTRY_5FEB,2023-03-01,1.0927147
BRAND_4710_COUNTRY_5FEB,2023-04-01,1.2035518
BRAND_4710_COUNTRY_5FEB,2023-05-01,1.2971383
BRAND_4710_COUNTRY_5FEB,2023-06-01,1.3396089
BRAND_4710_COUNTRY_5FEB,2023-07-01,1.3519411
BRAND_4710_COUNTRY_5FEB,2023-08-01,1.3577511
BRAND_4710_COUNTRY_5FEB,2023-09-01,1.4267925
BRAND_4710_COUNTRY_5FEB,2023-10-01,1.487194
BRAND_4710_COUNTRY_5FEB,2023-11-01,1.4998595
BRAND_4710_COUNTRY_5FEB,2023-12-01,1.4998595
BRAND_4F19_COUNTRY_5FEB,2023-01-01,1.5736517
BRAND_4F19_COUNTRY_5FEB,2023-02-01,1.6346897
BRAND_4F19_COUNTRY_5FEB,2023-03-01,1.6346897
BRAND_4F19_COUNTRY_5FEB,2023-04-01,1.640859
BRAND_4F19_COUNTRY_5FEB,2023-05-01,1.6408548
BRAND_4F19_COUNTRY_5FEB,2023-06-01,1.6467524
BRAND_4F19_COUNTRY_5FEB,2023-07-01,1.6699102
BRAND_4F19_COUNTRY_5FEB,2023-08-01,1.6309044
BRAND_4F19_COUNTRY_5FEB,2023-09-01,1.6351193
BRAND_4F19_COUNTRY_5FEB,2023-10-01,1.6234839
BRAND_4F19_COUNTRY_5FEB,2023-11-01,1.789975
BRAND_4F19_COUNTRY_5FEB,2023-12-01,1.8218315
BRAND_B79F_COUNTRY_B6AE,2023-01-01,0.96409285
BRAND_B79F_COUNTRY_B6AE,2023-02-01,0.96786517
BRAND_B79F_COUNTRY_B6AE,2023-03-01,0.96638286
BRAND_B79F_COUNTRY_B6AE,2023-04-01,0.9706625
BRAND_B79F_COUNTRY_B6AE,2023-05-01,0.9706625
BRAND_B79F_COUNTRY_B6AE,2023-06-01,0.9711658
BRAND_B79F_COUNTRY_B6AE,2023-07-01,0.9716879
BRAND_B79F_COUNTRY_B6AE,2023-08-01,0.9762719
BRAND_B79F_COUNTRY_B6AE,2023-09-01,0.9845605
BRAND_B79F_COUNTRY_B6AE,2023-10-01,0.98581904
BRAND_B79F_COUNTRY_B6AE,2023-11-01,0.9859505
BRAND_B79F_COUNTRY_B6AE,2023-12-01,0.9894217
BRAND_D72F_COUNTRY_3536,2023-01-01,1.1011932
BRAND_D72F_COUNTRY_3536,2023-02-01,1.1070032
BRAND_D72F_COUNTRY_3536,2023-03-01,1.1112828
BRAND_D72F_COUNTRY_3536,2023-04-01,1.1112828
BRAND_D72F_COUNTRY_3536,2023-05-01,1.1143914
BRAND_D72F_COUNTRY_3536,2023-06-01,1.1502552
BRAND_D72F_COUNTRY_3536,2023-07-01,1.1553613
BRAND_D72F_COUNTRY_3536,2023-08-01,1.1636499
BRAND_D72F_COUNTRY_3536,2023-09-01,1.1698191
BRAND_D72F_COUNTRY_3536,2023-10-01,1.169815
BRAND_D72F_COUNTRY_3536,2023-11-01,1.169815
BRAND_D72F_COUNTRY_3536,2023-12-01,1.1712117
BRAND_E57A_COUNTRY_6C16,2023-01-01,1.1884292
BRAND_E57A_COUNTRY_6C16,2023-02-01,1.1871877
BRAND_E57A_COUNTRY_6C16,2023-03-01,1.214954
BRAND_E57A_COUNTRY_6C16,2023-04-01,1.2187263
BRAND_E57A_COUNTRY_6C16,2023-05-01,1.2218859
BRAND_E57A_COUNTRY_6C16,2023-06-01,1.2320431
BRAND_E57A_COUNTRY_6C16,2023-07-01,1.2325653
BRAND_E57A_COUNTRY_6C16,2023-08-01,1.2473943
BRAND_E57A_COUNTRY_6C16,2023-09-01,1.2473943
BRAND_E57A_COUNTRY_6C16,2023-10-01,1.2534364
BRAND_E57A_COUNTRY_6C16,2023-11-01,1.2534364
BRAND_E57A_COUNTRY_6C16,2023-12-01,1.2546949
BRAND_740F_COUNTRY_6C16,2023-01-01,1.204246
BRAND_740F_COUNTRY_6C16,2023-02-01,1.2074057
BRAND_740F_COUNTRY_6C16,2023-03-01,1.2164651
BRAND_740F_COUNTRY_6C16,2023-04-01,1.2164651
BRAND_740F_COUNTRY_6C16,2023-05-01,1.231294
BRAND_740F_COUNTRY_6C16,2023-06-01,1.2323918
BRAND_740F_COUNTRY_6C16,2023-07-01,1.2389562
BRAND_740F_COUNTRY_6C16,2023-08-01,1.2389562
BRAND_740F_COUNTRY_6C16,2023-09-01,1.2402147
BRAND_740F_COUNTRY_6C16,2023-10-01,1.2417641
BRAND_740F_COUNTRY_6C16,2023-11-01,1.2417641
BRAND_740F_COUNTRY_6C16,2023-12-01,1.2431608
BRAND_056A_COUNTRY_9891,2023-01-01,1.016961
BRAND_056A_COUNTRY_9891,2023-02-01,1.038792
BRAND_056A_COUNTRY_9891,2023-03-01,1.0739474
BRAND_056A_COUNTRY_9891,2023-04-01,1.0727057
BRAND_056A_COUNTRY_9891,2023-05-01,1.1004722
BRAND_056A_COUNTRY_9891,2023-06-01,1.1037169
BRAND_056A_COUNTRY_9891,2023-07-01,1.1073986
BRAND_056A_COUNTRY_9891,2023-08-01,1.1164582
BRAND_056A_COUNTRY_9891,2023-09-01,1.1164582
BRAND_056A_COUNTRY_9891,2023-10-01,1.1312871
BRAND_056A_COUNTRY_9891,2023-11-01,1.1312871
BRAND_056A_COUNTRY_9891,2023-12-01,1.1302196
BRAND_E57A_COUNTRY_9891,2023-01-01,1.1307442
BRAND_E57A_COUNTRY_9891,2023-02-01,1.1307442
BRAND_E57A_COUNTRY_9891,2023-03-01,1.1296768
BRAND_E57A_COUNTRY_9891,2023-04-01,1.1273559
BRAND_E57A_COUNTRY_9891,2023-05-01,1.1286144
BRAND_E57A_COUNTRY_9891,2023-06-01,1.1312616
BRAND_E57A_COUNTRY_9891,2023-07-01,1.1317837
BRAND_E57A_COUNTRY_9891,2023-08-01,1.1331805
BRAND_E57A_COUNTRY_9891,2023-09-01,1.1585085
BRAND_E57A_COUNTRY_9891,2023-10-01,1.1697187
BRAND_E57A_COUNTRY_9891,2023-11-01,1.1697187
BRAND_E57A_COUNTRY_9891,2023-12-01,1.1697187
BRAND_9259_COUNTRY_6C16,2023-01-01,1.0973788
BRAND_9259_COUNTRY_6C16,2023-02-01,1.1325343
BRAND_9259_COUNTRY_6C16,2023-03-01,1.1343727
BRAND_9259_COUNTRY_6C16,2023-04-01,1.159059
BRAND_9259_COUNTRY_6C16,2023-05-01,1.161206
BRAND_9259_COUNTRY_6C16,2023-06-01,1.1654633
BRAND_9259_COUNTRY_6C16,2023-07-01,1.1750449
BRAND_9259_COUNTRY_6C16,2023-08-01,1.1781251
BRAND_9259_COUNTRY_6C16,2023-09-01,1.1898739
BRAND_9259_COUNTRY_6C16,2023-10-01,1.1929541
BRAND_9259_COUNTRY_6C16,2023-11-01,1.1989962
BRAND_9259_COUNTRY_6C16,2023-12-01,1.195916
BRAND_056A_COUNTRY_4442,2023-01-01,1.3494359
BRAND_056A_COUNTRY_4442,2023-02-01,1.3605204
BRAND_056A_COUNTRY_4442,2023-03-01,1.3710966
BRAND_056A_COUNTRY_4442,2023-04-01,1.3945955
BRAND_056A_COUNTRY_4442,2023-05-01,1.394675
BRAND_056A_COUNTRY_4442,2023-06-01,1.4000523
BRAND_056A_COUNTRY_4442,2023-07-01,1.4005746
BRAND_056A_COUNTRY_4442,2023-08-01,1.4036832
BRAND_056A_COUNTRY_4442,2023-09-01,1.4036832
BRAND_056A_COUNTRY_4442,2023-10-01,1.4198474
BRAND_056A_COUNTRY_4442,2023-11-01,1.428136
BRAND_056A_COUNTRY_4442,2023-12-01,1.4293945
BRAND_C352_COUNTRY_9488,2023-01-01,1.092087
BRAND_C352_COUNTRY_9488,2023-02-01,1.1065975
BRAND_C352_COUNTRY_9488,2023-03-01,1.1121143
BRAND_C352_COUNTRY_9488,2023-04-01,1.1226907
BRAND_C352_COUNTRY_9488,2023-05-01,1.1386844
BRAND_C352_COUNTRY_9488,2023-06-01,1.1455922
BRAND_C352_COUNTRY_9488,2023-07-01,1.150394
BRAND_C352_COUNTRY_9488,2023-08-01,1.150394
BRAND_C352_COUNTRY_9488,2023-09-01,1.1535026
BRAND_C352_COUNTRY_9488,2023-10-01,1.1882685
BRAND_C352_COUNTRY_9488,2023-11-01,1.1999623
BRAND_C352_COUNTRY_9488,2023-12-01,1.2082509
BRAND_C352_COUNTRY_445D,2023-01-01,2.4509668
BRAND_C352_COUNTRY_445D,2023-02-01,2.4857326
BRAND_C352_COUNTRY_445D,2023-03-01,2.4962451
BRAND_C352_COUNTRY_445D,2023-04-01,2.4962451
BRAND_C352_COUNTRY_445D,2023-05-01,2.5024145
BRAND_C352_COUNTRY_445D,2023-06-01,2.5302799
BRAND_C352_COUNTRY_445D,2023-07-01,2.530802
BRAND_C352_COUNTRY_445D,2023-08-01,2.532199
BRAND_C352_COUNTRY_445D,2023-09-01,2.5607195
BRAND_C352_COUNTRY_445D,2023-10-01,2.5719297
BRAND_C352_COUNTRY_445D,2023-11-01,2.5719297
BRAND_C352_COUNTRY_445D,2023-12-01,2.6509504
BRAND_740F_COUNTRY_3AD0,2023-01-01,1.1850461
BRAND_740F_COUNTRY_3AD0,2023-02-01,1.1839786
BRAND_740F_COUNTRY_3AD0,2023-03-01,1.1839786
BRAND_740F_COUNTRY_3AD0,2023-04-01,1.113407
BRAND_740F_COUNTRY_3AD0,2023-05-01,1.1867865
BRAND_740F_COUNTRY_3AD0,2023-06-01,1.1878843
BRAND_740F_COUNTRY_3AD0,2023-07-01,1.1898032
BRAND_740F_COUNTRY_3AD0,2023-08-01,1.2151312
BRAND_740F_COUNTRY_3AD0,2023-09-01,1.2206568
BRAND_740F_COUNTRY_3AD0,2023-10-01,1.2206568
BRAND_740F_COUNTRY_3AD0,2023-11-01,1.2206568
BRAND_740F_COUNTRY_3AD0,2023-12-01,1.2295232
BRAND_267B_COUNTRY_9488,2023-01-01,1.1000524
BRAND_267B_COUNTRY_9488,2023-02-01,1.111746
BRAND_267B_COUNTRY_9488,2023-03-01,1.1200346
BRAND_267B_COUNTRY_9488,2023-04-01,1.1262039
BRAND_267B_COUNTRY_9488,2023-05-01,1.1262039
BRAND_267B_COUNTRY_9488,2023-06-01,1.1347427
BRAND_267B_COUNTRY_9488,2023-07-01,1.1246641
BRAND_267B_COUNTRY_9488,2023-08-01,1.1417048
BRAND_267B_COUNTRY_9488,2023-09-01,1.1459197
BRAND_267B_COUNTRY_9488,2023-10-01,1.1459197
BRAND_267B_COUNTRY_9488,2023-11-01,1.1459197
BRAND_267B_COUNTRY_9488,2023-12-01,1.1500431
BRAND_6200_COUNTRY_9488,2023-01-01,1.1428456
BRAND_6200_COUNTRY_9488,2023-02-01,1.1471252
BRAND_6200_COUNTRY_9488,2023-03-01,1.1922727
BRAND_6200_COUNTRY_9488,2023-04-01,1.1953813
BRAND_6200_COUNTRY_9488,2023-05-01,1.2301472
BRAND_6200_COUNTRY_9488,2023-06-01,1.267041
BRAND_6200_COUNTRY_9488,2023-07-01,1.2758517
BRAND_6200_COUNTRY_9488,2023-08-01,1.3363973
BRAND_6200_COUNTRY_9488,2023-09-01,1.3363973
BRAND_6200_COUNTRY_9488,2023-10-01,1.3363973
BRAND_6200_COUNTRY_9488,2023-11-01,1.3377941
BRAND_6200_COUNTRY_9488,2023-12-01,1.3524704
BRAND_9259_COUNTRY_A67D,2023-01-01,1.2362326
BRAND_9259_COUNTRY_A67D,2023-02-01,1.2254398
BRAND_9259_COUNTRY_A67D,2023-03-01,1.232085
BRAND_9259_COUNTRY_A67D,2023-04-01,1.2364236
BRAND_9259_COUNTRY_A67D,2023-05-01,1.2364236
BRAND_9259_COUNTRY_A67D,2023-06-01,1.2375214
BRAND_9259_COUNTRY_A67D,2023-07-01,1.2394403
BRAND_9259_COUNTRY_A67D,2023-08-01,1.2647684
BRAND_9259_COUNTRY_A67D,2023-09-01,1.2702938
BRAND_9259_COUNTRY_A67D,2023-10-01,1.2702938
BRAND_9259_COUNTRY_A67D,2023-11-01,1.2702938
BRAND_9259_COUNTRY_A67D,2023-12-01,1.2791603
BRAND_E57A_COUNTRY_D5B9,2023-01-01,2.7293634
BRAND_E57A_COUNTRY_D5B9,2023-02-01,2.7339473
BRAND_E57A_COUNTRY_D5B9,2023-03-01,2.7308455
BRAND_E57A_COUNTRY_D5B9,2023-04-01,2.7384338
BRAND_E57A_COUNTRY_D5B9,2023-05-01,2.7399836
BRAND_E57A_COUNTRY_D5B9,2023-06-01,2.6845202
BRAND_E57A_COUNTRY_D5B9,2023-07-01,2.581687
BRAND_E57A_COUNTRY_D5B9,2023-08-01,2.607015
BRAND_E57A_COUNTRY_D5B9,2023-09-01,2.607015
BRAND_E57A_COUNTRY_D5B9,2023-10-01,2.607015
BRAND_E57A_COUNTRY_D5B9,2023-11-01,2.607015
BRAND_E57A_COUNTRY_D5B9,2023-12-01,2.6158814
BRAND_E57A_COUNTRY_53A5,2023-01-01,2.3557181
BRAND_E57A_COUNTRY_53A5,2023-02-01,2.3748314
BRAND_E57A_COUNTRY_53A5,2023-03-01,2.4307632
BRAND_E57A_COUNTRY_53A5,2023-04-01,2.4479866
BRAND_E57A_COUNTRY_53A5,2023-05-01,2.4479866
BRAND_E57A_COUNTRY_53A5,2023-06-01,2.4653392
BRAND_E57A_COUNTRY_53A5,2023-07-01,2.492629
BRAND_E57A_COUNTRY_53A5,2023-08-01,2.492629
BRAND_E57A_COUNTRY_53A5,2023-09-01,2.5127735
BRAND_E57A_COUNTRY_53A5,2023-10-01,2.541615
BRAND_E57A_COUNTRY_53A5,2023-11-01,2.612283
BRAND_E57A_COUNTRY_53A5,2023-12-01,2.612283
BRAND_9259_COUNTRY_4242,2023-01-01,1.1310694
BRAND_9259_COUNTRY_4242,2023-02-01,1.1342291
BRAND_9259_COUNTRY_4242,2023-03-01,1.1432886
BRAND_9259_COUNTRY_4242,2023-04-01,1.1432886
BRAND_9259_COUNTRY_4242,2023-05-01,1.1581175
BRAND_9259_COUNTRY_4242,2023-06-01,1.1592152
BRAND_9259_COUNTRY_4242,2023-07-01,1.15867
BRAND_9259_COUNTRY_4242,2023-08-01,1.1472795
BRAND_9259_COUNTRY_4242,2023-09-01,1.1463233
BRAND_9259_COUNTRY_4242,2023-10-01,1.1478728
BRAND_9259_COUNTRY_4242,2023-11-01,1.1478728
BRAND_9259_COUNTRY_4242,2023-12-01,1.1492696
BRAND_D786_COUNTRY_5A54,2023-01-01,1.0637254
BRAND_D786_COUNTRY_5A54,2023-02-01,1.0637254
BRAND_D786_COUNTRY_5A54,2023-03-01,1.0683093
BRAND_D786_COUNTRY_5A54,2023-04-01,1.0825937
BRAND_D786_COUNTRY_5A54,2023-05-01,1.0838522
BRAND_D786_COUNTRY_5A54,2023-06-01,1.0889527
BRAND_D786_COUNTRY_5A54,2023-07-01,1.0894749
BRAND_D786_COUNTRY_5A54,2023-08-01,1.0908716
BRAND_D786_COUNTRY_5A54,2023-09-01,1.1161996
BRAND_D786_COUNTRY_5A54,2023-10-01,1.1204145
BRAND_D786_COUNTRY_5A54,2023-11-01,1.1204145
BRAND_D786_COUNTRY_5A54,2023-12-01,1.1204145
BRAND_7BEC_COUNTRY_445D,2023-01-01,1.9322642
BRAND_7BEC_COUNTRY_445D,2023-02-01,1.96703
BRAND_7BEC_COUNTRY_445D,2023-03-01,1.9377394
BRAND_7BEC_COUNTRY_445D,2023-04-01,1.9377394
BRAND_7BEC_COUNTRY_445D,2023-05-01,1.9439086
BRAND_7BEC_COUNTRY_445D,2023-06-01,1.9742274
BRAND_7BEC_COUNTRY_445D,2023-07-01,1.9747496
BRAND_7BEC_COUNTRY_445D,2023-08-01,1.9761463
BRAND_7BEC_COUNTRY_445D,2023-09-01,1.9596858
BRAND_7BEC_COUNTRY_445D,2023-10-01,1.970896
BRAND_7BEC_COUNTRY_445D,2023-11-01,1.970896
BRAND_7BEC_COUNTRY_445D,2023-12-01,2.049917
BRAND_267B_COUNTRY_0C7D,2023-01-01,1.052118
BRAND_267B_COUNTRY_0C7D,2023-02-01,1.0638117
BRAND_267B_COUNTRY_0C7D,2023-03-01,1.0721002
BRAND_267B_COUNTRY_0C7D,2023-04-01,1.0733588
BRAND_267B_COUNTRY_0C7D,2023-05-01,1.0733588
BRAND_267B_COUNTRY_0C7D,2023-06-01,1.0818975
BRAND_267B_COUNTRY_0C7D,2023-07-01,1.0718188
BRAND_267B_COUNTRY_0C7D,2023-08-01,1.0780991
BRAND_267B_COUNTRY_0C7D,2023-09-01,1.082314
BRAND_267B_COUNTRY_0C7D,2023-10-01,1.082314
BRAND_267B_COUNTRY_0C7D,2023-11-01,1.082314
BRAND_267B_COUNTRY_0C7D,2023-12-01,1.0826284
BRAND_2D13_COUNTRY_0C7D,2023-01-01,0.9761151
BRAND_2D13_COUNTRY_0C7D,2023-02-01,0.9835551
BRAND_2D13_COUNTRY_0C7D,2023-03-01,1.0017625
BRAND_2D13_COUNTRY_0C7D,2023-04-01,1.0072793
BRAND_2D13_COUNTRY_0C7D,2023-05-01,1.0178556
BRAND_2D13_COUNTRY_0C7D,2023-06-01,1.0211003
BRAND_2D13_COUNTRY_0C7D,2023-07-01,1.0201402
BRAND_2D13_COUNTRY_0C7D,2023-08-01,1.0244198
BRAND_2D13_COUNTRY_0C7D,2023-09-01,1.0244198
BRAND_2D13_COUNTRY_0C7D,2023-10-01,1.0275284
BRAND_2D13_COUNTRY_0C7D,2023-11-01,1.0275284
BRAND_2D13_COUNTRY_0C7D,2023-12-01,1.039222
BRAND_F649_COUNTRY_A67D,2023-01-01,1.1648922
BRAND_F649_COUNTRY_A67D,2023-02-01,1.1739516
BRAND_F649_COUNTRY_A67D,2023-03-01,1.1739516
BRAND_F649_COUNTRY_A67D,2023-04-01,1.1887807
BRAND_F649_COUNTRY_A67D,2023-05-01,1.1887807
BRAND_F649_COUNTRY_A67D,2023-06-01,1.1912643
BRAND_F649_COUNTRY_A67D,2023-07-01,1.1797888
BRAND_F649_COUNTRY_A67D,2023-08-01,1.1810474
BRAND_F649_COUNTRY_A67D,2023-09-01,1.1810474
BRAND_F649_COUNTRY_A67D,2023-10-01,1.1810474
BRAND_F649_COUNTRY_A67D,2023-11-01,1.1824441
BRAND_F649_COUNTRY_A67D,2023-12-01,1.2077723
BRAND_D786_COUNTRY_3AD0,2023-01-01,1.094198
BRAND_D786_COUNTRY_3AD0,2023-02-01,1.0973576
BRAND_D786_COUNTRY_3AD0,2023-03-01,1.1064172
BRAND_D786_COUNTRY_3AD0,2023-04-01,1.1094719
BRAND_D786_COUNTRY_3AD0,2023-05-01,1.1243008
BRAND_D786_COUNTRY_3AD0,2023-06-01,1.127852
BRAND_D786_COUNTRY_3AD0,2023-07-01,1.1273067
BRAND_D786_COUNTRY_3AD0,2023-08-01,1.1273067
BRAND_D786_COUNTRY_3AD0,2023-09-01,1.1255103
BRAND_D786_COUNTRY_3AD0,2023-10-01,1.1301146
BRAND_D786_COUNTRY_3AD0,2023-11-01,1.1301146
BRAND_D786_COUNTRY_3AD0,2023-12-01,1.1284566
BRAND_A5D5_COUNTRY_7D31,2023-01-01,1.1909045
BRAND_A5D5_COUNTRY_7D31,2023-02-01,1.1951841
BRAND_A5D5_COUNTRY_7D31,2023-03-01,1.1951841
BRAND_A5D5_COUNTRY_7D31,2023-04-01,1.2065054
BRAND_A5D5_COUNTRY_7D31,2023-05-01,1.2412714
BRAND_A5D5_COUNTRY_7D31,2023-06-01,1.2480205
BRAND_A5D5_COUNTRY_7D31,2023-07-01,1.2615325
BRAND_A5D5_COUNTRY_7D31,2023-08-01,1.2607249
BRAND_A5D5_COUNTRY_7D31,2023-09-01,1.2607207
BRAND_A5D5_COUNTRY_7D31,2023-10-01,1.2607207
BRAND_A5D5_COUNTRY_7D31,2023-11-01,1.2621175
BRAND_A5D5_COUNTRY_7D31,2023-12-01,1.2700543
BRAND_ED43_COUNTRY_7D31,2023-01-01,1.2272104
BRAND_ED43_COUNTRY_7D31,2023-02-01,1.2417209
BRAND_ED43_COUNTRY_7D31,2023-03-01,1.2625622
BRAND_ED43_COUNTRY_7D31,2023-04-01,1.2731385
BRAND_ED43_COUNTRY_7D31,2023-05-01,1.3198346
BRAND_ED43_COUNTRY_7D31,2023-06-01,1.3267424
BRAND_ED43_COUNTRY_7D31,2023-07-01,1.3315442
BRAND_ED43_COUNTRY_7D31,2023-08-01,1.3315442
BRAND_ED43_COUNTRY_7D31,2023-09-01,1.3346528
BRAND_ED43_COUNTRY_7D31,2023-10-01,1.3694189
BRAND_ED43_COUNTRY_7D31,2023-11-01,1.3750703
BRAND_ED43_COUNTRY_7D31,2023-12-01,1.3880601
BRAND_3CEB_COUNTRY_7D31,2023-01-01,1.4088187
BRAND_3CEB_COUNTRY_7D31,2023-02-01,1.4435847
BRAND_3CEB_COUNTRY_7D31,2023-03-01,1.4492362
BRAND_3CEB_COUNTRY_7D31,2023-04-01,1.462226
BRAND_3CEB_COUNTRY_7D31,2023-05-01,1.4614184
BRAND_3CEB_COUNTRY_7D31,2023-06-01,1.4625119
BRAND_3CEB_COUNTRY_7D31,2023-07-01,1.4630342
BRAND_3CEB_COUNTRY_7D31,2023-08-01,1.4644308
BRAND_3CEB_COUNTRY_7D31,2023-09-01,1.4723678
BRAND_3CEB_COUNTRY_7D31,2023-10-01,1.4499437
BRAND_3CEB_COUNTRY_7D31,2023-11-01,1.4499437
BRAND_3CEB_COUNTRY_7D31,2023-12-01,1.4708978
BRAND_F649_COUNTRY_4D48,2023-01-01,1.2863443
BRAND_F649_COUNTRY_4D48,2023-02-01,1.3007578
BRAND_F649_COUNTRY_4D48,2023-03-01,1.3152682
BRAND_F649_COUNTRY_4D48,2023-04-01,1.34213
BRAND_F649_COUNTRY_4D48,2023-05-01,1.3527063
BRAND_F649_COUNTRY_4D48,2023-06-01,1.3947067
BRAND_F649_COUNTRY_4D48,2023-07-01,1.4056808
BRAND_F649_COUNTRY_4D48,2023-08-01,1.4099605
BRAND_F649_COUNTRY_4D48,2023-09-01,1.4315126
BRAND_F649_COUNTRY_4D48,2023-10-01,1.4346213
BRAND_F649_COUNTRY_4D48,2023-11-01,1.4693873
BRAND_F649_COUNTRY_4D48,2023-12-01,1.4739712
BRAND_C352_COUNTRY_4D48,2023-01-01,1.6058123
BRAND_C352_COUNTRY_4D48,2023-02-01,1.6089209
BRAND_C352_COUNTRY_4D48,2023-03-01,1.6436869
BRAND_C352_COUNTRY_4D48,2023-04-01,1.648271
BRAND_C352_COUNTRY_4D48,2023-05-01,1.6565595
BRAND_C352_COUNTRY_4D48,2023-06-01,1.6638266
BRAND_C352_COUNTRY_4D48,2023-07-01,1.6785171
BRAND_C352_COUNTRY_4D48,2023-08-01,1.6785171
BRAND_C352_COUNTRY_4D48,2023-09-01,1.6799138
BRAND_C352_COUNTRY_4D48,2023-10-01,1.699488
BRAND_C352_COUNTRY_4D48,2023-11-01,1.6980181
BRAND_C352_COUNTRY_4D48,2023-12-01,1.6980181
BRAND_6646_COUNTRY_5FEB,2023-01-01,1.2934343
BRAND_6646_COUNTRY_5FEB,2023-02-01,1.3282002
BRAND_6646_COUNTRY_5FEB,2023-03-01,1.385128
BRAND_6646_COUNTRY_5FEB,2023-04-01,1.3934166
BRAND_6646_COUNTRY_5FEB,2023-05-01,1.399586
BRAND_6646_COUNTRY_5FEB,2023-06-01,1.4071027
BRAND_6646_COUNTRY_5FEB,2023-07-01,1.4076248
BRAND_6646_COUNTRY_5FEB,2023-08-01,1.4090216
BRAND_6646_COUNTRY_5FEB,2023-09-01,1.4169585
BRAND_6646_COUNTRY_5FEB,2023-10-01,1.4211733
BRAND_6646_COUNTRY_5FEB,2023-11-01,1.409538
BRAND_6646_COUNTRY_5FEB,2023-12-01,1.409538
BRAND_740F_COUNTRY_4D48,2023-01-01,1.3551812
BRAND_740F_COUNTRY_4D48,2023-02-01,1.3820431
BRAND_740F_COUNTRY_4D48,2023-03-01,1.3926194
BRAND_740F_COUNTRY_4D48,2023-04-01,1.4335221
BRAND_740F_COUNTRY_4D48,2023-05-01,1.443974
BRAND_740F_COUNTRY_4D48,2023-06-01,1.4493514
BRAND_740F_COUNTRY_4D48,2023-07-01,1.4816971
BRAND_740F_COUNTRY_4D48,2023-08-01,1.4745344
BRAND_740F_COUNTRY_4D48,2023-09-01,1.5195717
BRAND_740F_COUNTRY_4D48,2023-10-01,1.5241557
BRAND_740F_COUNTRY_4D48,2023-11-01,1.5324442
BRAND_740F_COUNTRY_4D48,2023-12-01,1.5386136
BRAND_BDB6_COUNTRY_5FEB,2023-01-01,1.261458
BRAND_BDB6_COUNTRY_5FEB,2023-02-01,1.296224
BRAND_BDB6_COUNTRY_5FEB,2023-03-01,1.354182
BRAND_BDB6_COUNTRY_5FEB,2023-04-01,1.354182
BRAND_BDB6_COUNTRY_5FEB,2023-05-01,1.3493106
BRAND_BDB6_COUNTRY_5FEB,2023-06-01,1.3904219
BRAND_BDB6_COUNTRY_5FEB,2023-07-01,1.3909441
BRAND_BDB6_COUNTRY_5FEB,2023-08-01,1.4134682
BRAND_BDB6_COUNTRY_5FEB,2023-09-01,1.4214051
BRAND_BDB6_COUNTRY_5FEB,2023-10-01,1.42562
BRAND_BDB6_COUNTRY_5FEB,2023-11-01,1.4139845
BRAND_BDB6_COUNTRY_5FEB,2023-12-01,1.3739668
BRAND_E57A_COUNTRY_3AD0,2023-01-01,1.1995263
BRAND_E57A_COUNTRY_3AD0,2023-02-01,1.1984588
BRAND_E57A_COUNTRY_3AD0,2023-03-01,1.1984588
BRAND_E57A_COUNTRY_3AD0,2023-04-01,1.1933191
BRAND_E57A_COUNTRY_3AD0,2023-05-01,1.2012668
BRAND_E57A_COUNTRY_3AD0,2023-06-01,1.2023646
BRAND_E57A_COUNTRY_3AD0,2023-07-01,1.2042835
BRAND_E57A_COUNTRY_3AD0,2023-08-01,1.2296115
BRAND_E57A_COUNTRY_3AD0,2023-09-01,1.235137
BRAND_E57A_COUNTRY_3AD0,2023-10-01,1.235137
BRAND_E57A_COUNTRY_3AD0,2023-11-01,1.235137
BRAND_E57A_COUNTRY_3AD0,2023-12-01,1.2440034
BRAND_B94B_COUNTRY_5FEB,2023-01-01,1.2375689
BRAND_B94B_COUNTRY_5FEB,2023-02-01,1.2886922
BRAND_B94B_COUNTRY_5FEB,2023-03-01,1.285612
BRAND_B94B_COUNTRY_5FEB,2023-04-01,1.2887206
BRAND_B94B_COUNTRY_5FEB,2023-05-01,1.3139753
BRAND_B94B_COUNTRY_5FEB,2023-06-01,1.3515167
BRAND_B94B_COUNTRY_5FEB,2023-07-01,1.3603275
BRAND_B94B_COUNTRY_5FEB,2023-08-01,1.3664968
BRAND_B94B_COUNTRY_5FEB,2023-09-01,1.3664926
BRAND_B94B_COUNTRY_5FEB,2023-10-01,1.3664926
BRAND_B94B_COUNTRY_5FEB,2023-11-01,1.3678894
BRAND_B94B_COUNTRY_5FEB,2023-12-01,1.3739377
BRAND_E57A_COUNTRY_4D48,2023-01-01,1.334459
BRAND_E57A_COUNTRY_4D48,2023-02-01,1.3365287
BRAND_E57A_COUNTRY_4D48,2023-03-01,1.3509421
BRAND_E57A_COUNTRY_4D48,2023-04-01,1.3654525
BRAND_E57A_COUNTRY_4D48,2023-05-01,1.3923144
BRAND_E57A_COUNTRY_4D48,2023-06-01,1.4039885
BRAND_E57A_COUNTRY_4D48,2023-07-01,1.4454134
BRAND_E57A_COUNTRY_4D48,2023-08-01,1.4558653
BRAND_E57A_COUNTRY_4D48,2023-09-01,1.4601449
BRAND_E57A_COUNTRY_4D48,2023-10-01,1.4816971
BRAND_E57A_COUNTRY_4D48,2023-11-01,1.4848057
BRAND_E57A_COUNTRY_4D48,2023-12-01,1.5195717
BRAND_C352_COUNTRY_5A54,2023-01-01,1.0348217
BRAND_C352_COUNTRY_5A54,2023-02-01,1.045398
BRAND_C352_COUNTRY_5A54,2023-03-01,1.0491704
BRAND_C352_COUNTRY_5A54,2023-04-01,1.05233
BRAND_C352_COUNTRY_5A54,2023-05-01,1.0566096
BRAND_C352_COUNTRY_5A54,2023-06-01,1.0577073
BRAND_C352_COUNTRY_5A54,2023-07-01,1.0613381
BRAND_C352_COUNTRY_5A54,2023-08-01,1.0613381
BRAND_C352_COUNTRY_5A54,2023-09-01,1.0659221
BRAND_C352_COUNTRY_5A54,2023-10-01,1.0802064
BRAND_C352_COUNTRY_5A54,2023-11-01,1.0747527
BRAND_C352_COUNTRY_5A54,2023-12-01,1.0830144
BRAND_89E4_COUNTRY_7D31,2023-01-01,1.335499
BRAND_89E4_COUNTRY_7D31,2023-02-01,1.3373281
BRAND_89E4_COUNTRY_7D31,2023-03-01,1.3518385
BRAND_89E4_COUNTRY_7D31,2023-04-01,1.3726797
BRAND_89E4_COUNTRY_7D31,2023-05-01,1.3832561
BRAND_89E4_COUNTRY_7D31,2023-06-01,1.43105
BRAND_89E4_COUNTRY_7D31,2023-07-01,1.4373822
BRAND_89E4_COUNTRY_7D31,2023-08-01,1.4416618
BRAND_89E4_COUNTRY_7D31,2023-09-01,1.4416618
BRAND_89E4_COUNTRY_7D31,2023-10-01,1.4447705
BRAND_89E4_COUNTRY_7D31,2023-11-01,1.4795364
BRAND_89E4_COUNTRY_7D31,2023-12-01,1.4851879
BRAND_056A_COUNTRY_3AD0,2023-01-01,1.0945668
BRAND_056A_COUNTRY_3AD0,2023-02-01,1.1254134
BRAND_056A_COUNTRY_3AD0,2023-03-01,1.1244802
BRAND_056A_COUNTRY_3AD0,2023-04-01,1.1276399
BRAND_056A_COUNTRY_3AD0,2023-05-01,1.1366993
BRAND_056A_COUNTRY_3AD0,2023-06-01,1.137797
BRAND_056A_COUNTRY_3AD0,2023-07-01,1.1531482
BRAND_056A_COUNTRY_3AD0,2023-08-01,1.1531482
BRAND_056A_COUNTRY_3AD0,2023-09-01,1.1520807
BRAND_056A_COUNTRY_3AD0,2023-10-01,1.1520807
BRAND_056A_COUNTRY_3AD0,2023-11-01,1.1533391
BRAND_056A_COUNTRY_3AD0,2023-12-01,1.1548886
BRAND_E9AB_COUNTRY_5A54,2023-01-01,1.0048107
BRAND_E9AB_COUNTRY_5A54,2023-02-01,1.0187007
BRAND_E9AB_COUNTRY_5A54,2023-03-01,1.0369081
BRAND_E9AB_COUNTRY_5A54,2023-04-01,1.0424249
BRAND_E9AB_COUNTRY_5A54,2023-05-01,1.0530013
BRAND_E9AB_COUNTRY_5A54,2023-06-01,1.0528822
BRAND_E9AB_COUNTRY_5A54,2023-07-01,1.0599277
BRAND_E9AB_COUNTRY_5A54,2023-08-01,1.0642073
BRAND_E9AB_COUNTRY_5A54,2023-09-01,1.0642073
BRAND_E9AB_COUNTRY_5A54,2023-10-01,1.067316
BRAND_E9AB_COUNTRY_5A54,2023-11-01,1.067316
BRAND_E9AB_COUNTRY_5A54,2023-12-01,1.0719
BRAND_C94B_COUNTRY_5A54,2023-01-01,1.0770146
BRAND_C94B_COUNTRY_5A54,2023-02-01,1.0812942
BRAND_C94B_COUNTRY_5A54,2023-03-01,1.0812942
BRAND_C94B_COUNTRY_5A54,2023-04-01,1.0844028
BRAND_C94B_COUNTRY_5A54,2023-05-01,1.0844028
BRAND_C94B_COUNTRY_5A54,2023-06-01,1.092538
BRAND_C94B_COUNTRY_5A54,2023-07-01,1.1073444
BRAND_C94B_COUNTRY_5A54,2023-08-01,1.108603
BRAND_C94B_COUNTRY_5A54,2023-09-01,1.1101524
BRAND_C94B_COUNTRY_5A54,2023-10-01,1.1101524
BRAND_C94B_COUNTRY_5A54,2023-11-01,1.1115491
BRAND_C94B_COUNTRY_5A54,2023-12-01,1.1368771
BRAND_F649_COUNTRY_5A54,2023-01-01,1.0959677
BRAND_F649_COUNTRY_5A54,2023-02-01,1.0959677
BRAND_F649_COUNTRY_5A54,2023-03-01,1.1005516
BRAND_F649_COUNTRY_5A54,2023-04-01,1.114836
BRAND_F649_COUNTRY_5A54,2023-05-01,1.1160945
BRAND_F649_COUNTRY_5A54,2023-06-01,1.121195
BRAND_F649_COUNTRY_5A54,2023-07-01,1.1217172
BRAND_F649_COUNTRY_5A54,2023-08-01,1.1231139
BRAND_F649_COUNTRY_5A54,2023-09-01,1.1484419
BRAND_F649_COUNTRY_5A54,2023-10-01,1.1526568
BRAND_F649_COUNTRY_5A54,2023-11-01,1.1526568
BRAND_F649_COUNTRY_5A54,2023-12-01,1.1526568
BRAND_C352_COUNTRY_1007,2023-01-01,1.6876845
BRAND_C352_COUNTRY_1007,2023-02-01,1.6982608
BRAND_C352_COUNTRY_1007,2023-03-01,1.7391634
BRAND_C352_COUNTRY_1007,2023-04-01,1.7496154
BRAND_C352_COUNTRY_1007,2023-05-01,1.753895
BRAND_C352_COUNTRY_1007,2023-06-01,1.7765449
BRAND_C352_COUNTRY_1007,2023-07-01,1.7801757
BRAND_C352_COUNTRY_1007,2023-08-01,1.8149416
BRAND_C352_COUNTRY_1007,2023-09-01,1.8285929
BRAND_C352_COUNTRY_1007,2023-10-01,1.8368814
BRAND_C352_COUNTRY_1007,2023-11-01,1.8430507
BRAND_C352_COUNTRY_1007,2023-12-01,1.8572191
BRAND_9259_COUNTRY_1007,2023-01-01,1.5063651
BRAND_9259_COUNTRY_1007,2023-02-01,1.5332268
BRAND_9259_COUNTRY_1007,2023-03-01,1.5438032
BRAND_9259_COUNTRY_1007,2023-04-01,1.5816257
BRAND_9259_COUNTRY_1007,2023-05-01,1.5951579
BRAND_9259_COUNTRY_1007,2023-06-01,1.6005352
BRAND_9259_COUNTRY_1007,2023-07-01,1.6226095
BRAND_9259_COUNTRY_1007,2023-08-01,1.6257182
BRAND_9259_COUNTRY_1007,2023-09-01,1.6736938
BRAND_9259_COUNTRY_1007,2023-10-01,1.6877041
BRAND_9259_COUNTRY_1007,2023-11-01,1.7092024
BRAND_9259_COUNTRY_1007,2023-12-01,1.702162
BRAND_740F_COUNTRY_6F78,2023-08-01,0.99502796
BRAND_740F_COUNTRY_6F78,2023-09-01,1.0095166
BRAND_740F_COUNTRY_6F78,2023-10-01,1.0132161
BRAND_740F_COUNTRY_6F78,2023-11-01,1.0276296
BRAND_740F_COUNTRY_6F78,2023-12-01,1.045837
BRAND_D786_COUNTRY_D8B0,2023-08-01,1.7447755
BRAND_D786_COUNTRY_D8B0,2023-09-01,1.8065755
BRAND_D786_COUNTRY_D8B0,2023-10-01,1.9176962
BRAND_D786_COUNTRY_D8B0,2023-11-01,1.9584243
BRAND_D786_COUNTRY_D8B0,2023-12-01,2.0092552
BRAND_056A_COUNTRY_EF33,2023-08-01,0.96727526
BRAND_056A_COUNTRY_EF33,2023-09-01,0.9732864
BRAND_056A_COUNTRY_EF33,2023-10-01,0.9803479
BRAND_056A_COUNTRY_EF33,2023-11-01,0.98217696
BRAND_056A_COUNTRY_EF33,2023-12-01,1.0003843
BRAND_89E4_COUNTRY_3F0E,2023-08-01,0.9448869
BRAND_89E4_COUNTRY_3F0E,2023-09-01,0.963374
BRAND_89E4_COUNTRY_3F0E,2023-10-01,0.9654437
BRAND_89E4_COUNTRY_3F0E,2023-11-01,0.96727276
BRAND_89E4_COUNTRY_3F0E,2023-12-01,0.98178315
BRAND_E9AB_COUNTRY_C89B,2023-08-01,0.94938374
BRAND_E9AB_COUNTRY_C89B,2023-09-01,0.9801552
BRAND_E9AB_COUNTRY_C89B,2023-10-01,0.99225575
BRAND_E9AB_COUNTRY_C89B,2023-11-01,0.99408484
BRAND_E9AB_COUNTRY_C89B,2023-12-01,1.0085952
BRAND_9DA9_COUNTRY_3F0E,2023-08-01,1.0043492
BRAND_9DA9_COUNTRY_3F0E,2023-09-01,1.0299182
BRAND_9DA9_COUNTRY_3F0E,2023-10-01,1.0319878
BRAND_9DA9_COUNTRY_3F0E,2023-11-01,1.0251423
BRAND_9DA9_COUNTRY_3F0E,2023-12-01,1.0265102
BRAND_E9AB_COUNTRY_8DBB,2023-08-01,0.96720046
BRAND_E9AB_COUNTRY_8DBB,2023-09-01,1.0226622
BRAND_E9AB_COUNTRY_8DBB,2023-10-01,1.0131526
BRAND_E9AB_COUNTRY_8DBB,2023-11-01,1.0365918
BRAND_E9AB_COUNTRY_8DBB,2023-12-01,1.0230483
BRAND_DB5A_COUNTRY_1007,2023-09-01,1.7192094
BRAND_DB5A_COUNTRY_1007,2023-10-01,1.7778172
BRAND_DB5A_COUNTRY_1007,2023-11-01,1.801476
BRAND_DB5A_COUNTRY_1007,2023-12-01,1.8158896
BRAND_72DA_COUNTRY_B6AE,2023-09-01,0.95145637
BRAND_72DA_COUNTRY_B6AE,2023-10-01,0.9365134
BRAND_72DA_COUNTRY_B6AE,2023-11-01,0.95953715
BRAND_DB5A_COUNTRY_3AD0,2023-09-01,1.2395796
BRAND_DB5A_COUNTRY_3AD0,2023-10-01,1.2575929
BRAND_DB5A_COUNTRY_3AD0,2023-11-01,1.2596625
BRAND_DB5A_COUNTRY_3AD0,2023-12-01,1.274076
BRAND_056A_COUNTRY_EA71,2023-09-01,0.9384781
BRAND_056A_COUNTRY_EA71,2023-10-01,0.9643077
BRAND_056A_COUNTRY_EA71,2023-11-01,0.9663774
BRAND_056A_COUNTRY_EA71,2023-12-01,0.9802674
BRAND_D786_COUNTRY_9891,2023-09-01,1.0378543
BRAND_D786_COUNTRY_9891,2023-10-01,1.0528355
BRAND_D786_COUNTRY_9891,2023-11-01,1.059897
BRAND_D786_COUNTRY_9891,2023-12-01,1.0737871
BRAND_3938_COUNTRY_5A54,2023-09-01,0.9783292
BRAND_3938_COUNTRY_5A54,2023-10-01,0.991683
BRAND_3938_COUNTRY_5A54,2023-11-01,0.9987445
BRAND_3938_COUNTRY_5A54,2023-12-01,1.0126345
BRAND_056A_COUNTRY_4253,2023-10-01,1.0994635
BRAND_056A_COUNTRY_4253,2023-11-01,1.130235
BRAND_056A_COUNTRY_4253,2023-12-01,1.1423354
BRAND_E57A_COUNTRY_1007,2023-10-01,1.3833879
BRAND_E57A_COUNTRY_1007,2023-11-01,1.421502
BRAND_E57A_COUNTRY_1007,2023-12-01,1.4451607
BRAND_D786_COUNTRY_0309,2023-10-01,1.4435472
BRAND_D786_COUNTRY_0309,2023-11-01,1.5053473
BRAND_D786_COUNTRY_0309,2023-12-01,1.5677624
BRAND_B8DE_COUNTRY_D8B0,2023-10-01,1.732851
BRAND_B8DE_COUNTRY_D8B0,2023-11-01,1.794651
BRAND_B8DE_COUNTRY_D8B0,2023-12-01,1.905772
BRAND_B8DE_COUNTRY_9891,2023-10-01,1.0285603
BRAND_B8DE_COUNTRY_9891,2023-11-01,1.0435414
BRAND_B8DE_COUNTRY_9891,2023-12-01,1.0506029
BRAND_C94B_COUNTRY_6C16,2023-10-01,1.0379771
BRAND_C94B_COUNTRY_6C16,2023-11-01,1.0529583
BRAND_C94B_COUNTRY_6C16,2023-12-01,1.0600197
BRAND_056A_COUNTRY_907E,2023-11-01,1.4252899
BRAND_056A_COUNTRY_907E,2023-12-01,1.4511197
BRAND_9259_COUNTRY_9488,2023-11-01,1.0969597
BRAND_9259_COUNTRY_9488,2023-12-01,1.1029708
BRAND_056A_COUNTRY_9488,2023-11-01,1.0938796
BRAND_056A_COUNTRY_9488,2023-12-01,1.0998907
BRAND_F649_COUNTRY_9488,2023-11-01,1.0913131
BRAND_F649_COUNTRY_9488,2023-12-01,1.0973243
BRAND_7250_COUNTRY_53A5,2023-11-01,1.5943673
BRAND_7250_COUNTRY_53A5,2023-12-01,1.6341088
BRAND_056A_COUNTRY_6F78,2023-11-01,1.0113968
BRAND_056A_COUNTRY_6F78,2023-12-01,1.0258855
BRAND_740F_COUNTRY_FA79,2023-11-01,0.99707925
BRAND_740F_COUNTRY_FA79,2023-12-01,1.0030904
BRAND_056A_COUNTRY_8B47,2023-11-01,0.9409945
BRAND_056A_COUNTRY_8B47,2023-12-01,0.97415984
BRAND_DB5A_COUNTRY_9488,2023-11-01,1.1981314
BRAND_DB5A_COUNTRY_9488,2023-12-01,1.205798
BRAND_138D_COUNTRY_5FEB,2023-11-01,1.2195013
BRAND_138D_COUNTRY_5FEB,2023-12-01,1.2502728
BRAND_248D_COUNTRY_907E,2023-11-01,1.3301978
BRAND_248D_COUNTRY_907E,2023-12-01,1.3560275
BRAND_B8DE_COUNTRY_0309,2023-11-01,1.4362459
BRAND_B8DE_COUNTRY_0309,2023-12-01,1.4980459
BRAND_81A0_COUNTRY_9891,2023-12-01,0.9468565
BRAND_B8DE_COUNTRY_C8F4,2023-12-01,1.0201073
BRAND_417D_COUNTRY_B6AE,2023-12-01,0.96645373
BRAND_E57A_COUNTRY_06E4,2023-01-01,1.0777018
BRAND_E57A_COUNTRY_06E4,2023-02-01,1.0777018
BRAND_E57A_COUNTRY_06E4,2023-03-01,1.0867563
BRAND_E57A_COUNTRY_06E4,2023-04-01,1.091971
BRAND_E57A_COUNTRY_06E4,2023-05-01,1.0910149
BRAND_E57A_COUNTRY_06E4,2023-06-01,1.093662
BRAND_E57A_COUNTRY_06E4,2023-07-01,1.0941842
BRAND_E57A_COUNTRY_06E4,2023-08-01,1.0955809
BRAND_E57A_COUNTRY_06E4,2023-09-01,1.1241015
BRAND_E57A_COUNTRY_06E4,2023-10-01,1.1241015
BRAND_E57A_COUNTRY_06E4,2023-11-01,1.1241015
BRAND_E57A_COUNTRY_06E4,2023-12-01,1.1241015
BRAND_014B_COUNTRY_06E4,2023-01-01,0.9980894
BRAND_014B_COUNTRY_06E4,2023-02-01,1.0091739
BRAND_014B_COUNTRY_06E4,2023-03-01,1.0124329
BRAND_014B_COUNTRY_06E4,2023-04-01,1.0162052
BRAND_014B_COUNTRY_06E4,2023-05-01,1.0193648
BRAND_014B_COUNTRY_06E4,2023-06-01,1.0247421
BRAND_014B_COUNTRY_06E4,2023-07-01,1.0252643
BRAND_014B_COUNTRY_06E4,2023-08-01,1.0246699
BRAND_014B_COUNTRY_06E4,2023-09-01,1.0246699
BRAND_014B_COUNTRY_06E4,2023-10-01,1.029254
BRAND_014B_COUNTRY_06E4,2023-11-01,1.0299666
BRAND_014B_COUNTRY_06E4,2023-12-01,1.0290104
BRAND_1E6F_COUNTRY_4647,2023-01-01,0.9748114
BRAND_1E6F_COUNTRY_4647,2023-02-01,0.979091
BRAND_1E6F_COUNTRY_4647,2023-03-01,0.979091
BRAND_1E6F_COUNTRY_4647,2023-04-01,0.98670924
BRAND_1E6F_COUNTRY_4647,2023-05-01,0.98670924
BRAND_1E6F_COUNTRY_4647,2023-06-01,0.99345845
BRAND_1E6F_COUNTRY_4647,2023-07-01,0.99979866
BRAND_1E6F_COUNTRY_4647,2023-08-01,0.99899113
BRAND_1E6F_COUNTRY_4647,2023-09-01,0.99418855
BRAND_1E6F_COUNTRY_4647,2023-10-01,0.99418855
BRAND_1E6F_COUNTRY_4647,2023-11-01,0.9955853
BRAND_1E6F_COUNTRY_4647,2023-12-01,0.99980414
BRAND_9259_COUNTRY_FA79,2023-01-01,1.0080599
BRAND_9259_COUNTRY_FA79,2023-02-01,1.0167747
BRAND_9259_COUNTRY_FA79,2023-03-01,1.0249871
BRAND_9259_COUNTRY_FA79,2023-04-01,1.0394976
BRAND_9259_COUNTRY_FA79,2023-05-01,1.0516596
BRAND_9259_COUNTRY_FA79,2023-06-01,1.0633335
BRAND_9259_COUNTRY_FA79,2023-07-01,1.0660026
BRAND_9259_COUNTRY_FA79,2023-08-01,1.0645204
BRAND_9259_COUNTRY_FA79,2023-09-01,1.0688
BRAND_9259_COUNTRY_FA79,2023-10-01,1.0688
BRAND_9259_COUNTRY_FA79,2023-11-01,1.0719086
BRAND_9259_COUNTRY_FA79,2023-12-01,1.0719086
BRAND_106A_COUNTRY_E319,2023-01-01,1.018226
BRAND_106A_COUNTRY_E319,2023-02-01,1.0303266
BRAND_106A_COUNTRY_E319,2023-03-01,1.0273361
BRAND_106A_COUNTRY_E319,2023-04-01,1.0287039
BRAND_106A_COUNTRY_E319,2023-05-01,1.0338321
BRAND_106A_COUNTRY_E319,2023-06-01,1.0388608
BRAND_106A_COUNTRY_E319,2023-07-01,1.0553768
BRAND_106A_COUNTRY_E319,2023-08-01,1.0611868
BRAND_106A_COUNTRY_E319,2023-09-01,1.0654664
BRAND_106A_COUNTRY_E319,2023-10-01,1.0546125
BRAND_106A_COUNTRY_E319,2023-11-01,1.0648719
BRAND_106A_COUNTRY_E319,2023-12-01,1.0167507
BRAND_3938_COUNTRY_907E,2023-01-01,1.1997817
BRAND_3938_COUNTRY_907E,2023-02-01,1.2068431
BRAND_3938_COUNTRY_907E,2023-03-01,1.2207332
BRAND_3938_COUNTRY_907E,2023-04-01,1.264175
BRAND_3938_COUNTRY_907E,2023-05-01,1.291037
BRAND_3938_COUNTRY_907E,2023-06-01,1.302711
BRAND_3938_COUNTRY_907E,2023-07-01,1.3441359
BRAND_3938_COUNTRY_907E,2023-08-01,1.3545878
BRAND_3938_COUNTRY_907E,2023-09-01,1.4403746
BRAND_3938_COUNTRY_907E,2023-10-01,1.3804196
BRAND_3938_COUNTRY_907E,2023-11-01,1.3835282
BRAND_3938_COUNTRY_907E,2023-12-01,1.4182942
BRAND_F649_COUNTRY_FA79,2023-01-01,0.99825686
BRAND_F649_COUNTRY_FA79,2023-02-01,1.0003265
BRAND_F649_COUNTRY_FA79,2023-03-01,1.0077665
BRAND_F649_COUNTRY_FA79,2023-04-01,1.0222769
BRAND_F649_COUNTRY_FA79,2023-05-01,1.0277938
BRAND_F649_COUNTRY_FA79,2023-06-01,1.0419211
BRAND_F649_COUNTRY_FA79,2023-07-01,1.0462157
BRAND_F649_COUNTRY_FA79,2023-08-01,1.0447333
BRAND_F649_COUNTRY_FA79,2023-09-01,1.0490129
BRAND_F649_COUNTRY_FA79,2023-10-01,1.0490129
BRAND_F649_COUNTRY_FA79,2023-11-01,1.0521216
BRAND_F649_COUNTRY_FA79,2023-12-01,1.0521216
BRAND_F649_COUNTRY_2E65,2023-01-01,1.097747
BRAND_F649_COUNTRY_2E65,2023-02-01,1.097747
BRAND_F649_COUNTRY_2E65,2023-03-01,1.1023309
BRAND_F649_COUNTRY_2E65,2023-04-01,1.1189361
BRAND_F649_COUNTRY_2E65,2023-05-01,1.1201947
BRAND_F649_COUNTRY_2E65,2023-06-01,1.1252952
BRAND_F649_COUNTRY_2E65,2023-07-01,1.1258173
BRAND_F649_COUNTRY_2E65,2023-08-01,1.1272141
BRAND_F649_COUNTRY_2E65,2023-09-01,1.1311297
BRAND_F649_COUNTRY_2E65,2023-10-01,1.1296598
BRAND_F649_COUNTRY_2E65,2023-11-01,1.1296598
BRAND_F649_COUNTRY_2E65,2023-12-01,1.1296598
BRAND_60F2_COUNTRY_C89B,2023-01-01,1.0424752
BRAND_60F2_COUNTRY_C89B,2023-02-01,1.0537965
BRAND_60F2_COUNTRY_C89B,2023-03-01,1.0537965
BRAND_60F2_COUNTRY_C89B,2023-04-01,1.059448
BRAND_60F2_COUNTRY_C89B,2023-05-01,1.0652661
BRAND_60F2_COUNTRY_C89B,2023-06-01,1.0655563
BRAND_60F2_COUNTRY_C89B,2023-07-01,1.0660743
BRAND_60F2_COUNTRY_C89B,2023-08-01,1.0660743
BRAND_60F2_COUNTRY_C89B,2023-09-01,1.067471
BRAND_60F2_COUNTRY_C89B,2023-10-01,1.0777724
BRAND_60F2_COUNTRY_C89B,2023-11-01,1.0763024
BRAND_60F2_COUNTRY_C89B,2023-12-01,1.0763024
BRAND_740F_COUNTRY_8B47,2023-01-01,1.0076485
BRAND_740F_COUNTRY_8B47,2023-02-01,1.01471
BRAND_740F_COUNTRY_8B47,2023-03-01,1.0291235
BRAND_740F_COUNTRY_8B47,2023-04-01,1.0473309
BRAND_740F_COUNTRY_8B47,2023-05-01,1.0528477
BRAND_740F_COUNTRY_8B47,2023-06-01,1.0625231
BRAND_740F_COUNTRY_8B47,2023-07-01,1.0668176
BRAND_740F_COUNTRY_8B47,2023-08-01,1.0699773
BRAND_740F_COUNTRY_8B47,2023-09-01,1.0742569
BRAND_740F_COUNTRY_8B47,2023-10-01,1.0742569
BRAND_740F_COUNTRY_8B47,2023-11-01,1.0773655
BRAND_740F_COUNTRY_8B47,2023-12-01,1.0773655
BRAND_740F_COUNTRY_0309,2023-01-01,2.183732
BRAND_740F_COUNTRY_0309,2023-02-01,2.1880116
BRAND_740F_COUNTRY_0309,2023-03-01,2.2095637
BRAND_740F_COUNTRY_0309,2023-04-01,2.224393
BRAND_740F_COUNTRY_0309,2023-05-01,2.2803245
BRAND_740F_COUNTRY_0309,2023-06-01,2.3022857
BRAND_740F_COUNTRY_0309,2023-07-01,2.3043191
BRAND_740F_COUNTRY_0309,2023-08-01,2.3104885
BRAND_740F_COUNTRY_0309,2023-09-01,2.3372562
BRAND_740F_COUNTRY_0309,2023-10-01,2.3372562
BRAND_740F_COUNTRY_0309,2023-11-01,2.3386528
BRAND_740F_COUNTRY_0309,2023-12-01,2.325214
BRAND_E57A_COUNTRY_6F78,2023-01-01,2.5945694
BRAND_E57A_COUNTRY_6F78,2023-02-01,2.5945694
BRAND_E57A_COUNTRY_6F78,2023-03-01,2.5976782
BRAND_E57A_COUNTRY_6F78,2023-04-01,2.5976782
BRAND_E57A_COUNTRY_6F78,2023-05-01,2.602262
BRAND_E57A_COUNTRY_6F78,2023-06-01,2.5520134
BRAND_E57A_COUNTRY_6F78,2023-07-01,2.4433746
BRAND_E57A_COUNTRY_6F78,2023-08-01,2.4433746
BRAND_E57A_COUNTRY_6F78,2023-09-01,2.4433746
BRAND_E57A_COUNTRY_6F78,2023-10-01,2.4447715
BRAND_E57A_COUNTRY_6F78,2023-11-01,2.4700994
BRAND_E57A_COUNTRY_6F78,2023-12-01,2.4700994
BRAND_FB69_COUNTRY_4D48,2023-01-01,1.149472
BRAND_FB69_COUNTRY_4D48,2023-02-01,1.1471878
BRAND_FB69_COUNTRY_4D48,2023-03-01,1.1596755
BRAND_FB69_COUNTRY_4D48,2023-04-01,1.1637948
BRAND_FB69_COUNTRY_4D48,2023-05-01,1.1829815
BRAND_FB69_COUNTRY_4D48,2023-06-01,1.1945312
BRAND_FB69_COUNTRY_4D48,2023-07-01,1.199333
BRAND_FB69_COUNTRY_4D48,2023-08-01,1.220885
BRAND_FB69_COUNTRY_4D48,2023-09-01,1.2202907
BRAND_FB69_COUNTRY_4D48,2023-10-01,1.2202907
BRAND_FB69_COUNTRY_4D48,2023-11-01,1.2248747
BRAND_FB69_COUNTRY_4D48,2023-12-01,1.2331632
BRAND_12B2_COUNTRY_AE54,2023-01-01,1.3947244
BRAND_12B2_COUNTRY_AE54,2023-02-01,1.4422159
BRAND_12B2_COUNTRY_AE54,2023-03-01,1.4422159
BRAND_12B2_COUNTRY_AE54,2023-04-01,1.4579812
BRAND_12B2_COUNTRY_AE54,2023-05-01,1.4579812
BRAND_12B2_COUNTRY_AE54,2023-06-01,1.4652482
BRAND_12B2_COUNTRY_AE54,2023-07-01,1.4643482
BRAND_12B2_COUNTRY_AE54,2023-08-01,1.4643482
BRAND_12B2_COUNTRY_AE54,2023-09-01,1.465745
BRAND_12B2_COUNTRY_AE54,2023-10-01,1.4342939
BRAND_12B2_COUNTRY_AE54,2023-11-01,1.4328239
BRAND_12B2_COUNTRY_AE54,2023-12-01,1.4328239
BRAND_E57A_COUNTRY_0309,2023-01-01,1.8211579
BRAND_E57A_COUNTRY_0309,2023-02-01,1.8620605
BRAND_E57A_COUNTRY_0309,2023-03-01,1.9120477
BRAND_E57A_COUNTRY_0309,2023-04-01,1.9163274
BRAND_E57A_COUNTRY_0309,2023-05-01,1.9378796
BRAND_E57A_COUNTRY_0309,2023-06-01,1.9574461
BRAND_E57A_COUNTRY_0309,2023-07-01,2.0154114
BRAND_E57A_COUNTRY_0309,2023-08-01,2.0326347
BRAND_E57A_COUNTRY_0309,2023-09-01,2.0326347
BRAND_E57A_COUNTRY_0309,2023-10-01,2.038804
BRAND_E57A_COUNTRY_0309,2023-11-01,2.0514035
BRAND_E57A_COUNTRY_0309,2023-12-01,2.0450053
BRAND_C352_COUNTRY_8B47,2023-01-01,1.0663035
BRAND_C352_COUNTRY_8B47,2023-02-01,1.0694122
BRAND_C352_COUNTRY_8B47,2023-03-01,1.0417227
BRAND_C352_COUNTRY_8B47,2023-04-01,1.0739962
BRAND_C352_COUNTRY_8B47,2023-05-01,1.0882806
BRAND_C352_COUNTRY_8B47,2023-06-01,1.0884221
BRAND_C352_COUNTRY_8B47,2023-07-01,1.0904937
BRAND_C352_COUNTRY_8B47,2023-08-01,1.0904937
BRAND_C352_COUNTRY_8B47,2023-09-01,1.0918905
BRAND_C352_COUNTRY_8B47,2023-10-01,1.1172185
BRAND_C352_COUNTRY_8B47,2023-11-01,1.1214333
BRAND_C352_COUNTRY_8B47,2023-12-01,1.1214333
BRAND_740F_COUNTRY_06E4,2023-01-01,1.0639153
BRAND_740F_COUNTRY_06E4,2023-02-01,1.0681949
BRAND_740F_COUNTRY_06E4,2023-03-01,1.0681949
BRAND_740F_COUNTRY_06E4,2023-04-01,1.0713035
BRAND_740F_COUNTRY_06E4,2023-05-01,1.0713035
BRAND_740F_COUNTRY_06E4,2023-06-01,1.0814557
BRAND_740F_COUNTRY_06E4,2023-07-01,1.0871925
BRAND_740F_COUNTRY_06E4,2023-08-01,1.0862365
BRAND_740F_COUNTRY_06E4,2023-09-01,1.0877858
BRAND_740F_COUNTRY_06E4,2023-10-01,1.0877858
BRAND_740F_COUNTRY_06E4,2023-11-01,1.0891826
BRAND_740F_COUNTRY_06E4,2023-12-01,1.1177032
BRAND_AA1F_COUNTRY_06E4,2023-01-01,0.97025007
BRAND_AA1F_COUNTRY_06E4,2023-02-01,0.9739947
BRAND_AA1F_COUNTRY_06E4,2023-03-01,0.9922021
BRAND_AA1F_COUNTRY_06E4,2023-04-01,1.0032865
BRAND_AA1F_COUNTRY_06E4,2023-05-01,1.0099951
BRAND_AA1F_COUNTRY_06E4,2023-06-01,1.0135689
BRAND_AA1F_COUNTRY_06E4,2023-07-01,1.0132099
BRAND_AA1F_COUNTRY_06E4,2023-08-01,1.0174896
BRAND_AA1F_COUNTRY_06E4,2023-09-01,1.0174896
BRAND_AA1F_COUNTRY_06E4,2023-10-01,1.0205982
BRAND_AA1F_COUNTRY_06E4,2023-11-01,1.0205982
BRAND_AA1F_COUNTRY_06E4,2023-12-01,1.0296527
BRAND_014B_COUNTRY_0309,2023-01-01,1.2911775
BRAND_014B_COUNTRY_0309,2023-02-01,1.3127297
BRAND_014B_COUNTRY_0309,2023-03-01,1.3203479
BRAND_014B_COUNTRY_0309,2023-04-01,1.3415138
BRAND_014B_COUNTRY_0309,2023-05-01,1.3587372
BRAND_014B_COUNTRY_0309,2023-06-01,1.3634748
BRAND_014B_COUNTRY_0309,2023-07-01,1.3716776
BRAND_014B_COUNTRY_0309,2023-08-01,1.3936471
BRAND_014B_COUNTRY_0309,2023-09-01,1.414125
BRAND_014B_COUNTRY_0309,2023-10-01,1.4155217
BRAND_014B_COUNTRY_0309,2023-11-01,1.4196346
BRAND_014B_COUNTRY_0309,2023-12-01,1.4308449
BRAND_FB57_COUNTRY_907E,2023-01-01,1.3930523
BRAND_FB57_COUNTRY_907E,2023-02-01,1.4074659
BRAND_FB57_COUNTRY_907E,2023-03-01,1.4509078
BRAND_FB57_COUNTRY_907E,2023-04-01,1.4777696
BRAND_FB57_COUNTRY_907E,2023-05-01,1.4883459
BRAND_FB57_COUNTRY_907E,2023-06-01,1.5303464
BRAND_FB57_COUNTRY_907E,2023-07-01,1.5413204
BRAND_FB57_COUNTRY_907E,2023-08-01,1.5456
BRAND_FB57_COUNTRY_907E,2023-09-01,1.5671523
BRAND_FB57_COUNTRY_907E,2023-10-01,1.570261
BRAND_FB57_COUNTRY_907E,2023-11-01,1.605027
BRAND_FB57_COUNTRY_907E,2023-12-01,1.621191
BRAND_056A_COUNTRY_0309,2023-01-01,1.4912078
BRAND_056A_COUNTRY_0309,2023-02-01,1.5504105
BRAND_056A_COUNTRY_0309,2023-03-01,1.6128256
BRAND_056A_COUNTRY_0309,2023-04-01,1.6267157
BRAND_056A_COUNTRY_0309,2023-05-01,1.6775463
BRAND_056A_COUNTRY_0309,2023-06-01,1.7023872
BRAND_056A_COUNTRY_0309,2023-07-01,1.7280827
BRAND_056A_COUNTRY_0309,2023-08-01,1.7689853
BRAND_056A_COUNTRY_0309,2023-09-01,1.8189723
BRAND_056A_COUNTRY_0309,2023-10-01,1.823252
BRAND_056A_COUNTRY_0309,2023-11-01,1.8448043
BRAND_056A_COUNTRY_0309,2023-12-01,1.8596332
BRAND_F649_COUNTRY_907E,2023-01-01,1.6127423
BRAND_F649_COUNTRY_907E,2023-02-01,1.6170219
BRAND_F649_COUNTRY_907E,2023-03-01,1.6385741
BRAND_F649_COUNTRY_907E,2023-04-01,1.6416827
BRAND_F649_COUNTRY_907E,2023-05-01,1.6764487
BRAND_F649_COUNTRY_907E,2023-06-01,1.6916934
BRAND_F649_COUNTRY_907E,2023-07-01,1.7005042
BRAND_F649_COUNTRY_907E,2023-08-01,1.7066735
BRAND_F649_COUNTRY_907E,2023-09-01,1.7334414
BRAND_F649_COUNTRY_907E,2023-10-01,1.7334414
BRAND_F649_COUNTRY_907E,2023-11-01,1.734838
BRAND_F649_COUNTRY_907E,2023-12-01,1.7544123
BRAND_CFD9_COUNTRY_AE54,2023-01-01,1.8294785
BRAND_CFD9_COUNTRY_AE54,2023-02-01,1.8642445
BRAND_CFD9_COUNTRY_AE54,2023-03-01,1.8800097
BRAND_CFD9_COUNTRY_AE54,2023-04-01,1.8800097
BRAND_CFD9_COUNTRY_AE54,2023-05-01,1.886179
BRAND_CFD9_COUNTRY_AE54,2023-06-01,1.8872725
BRAND_CFD9_COUNTRY_AE54,2023-07-01,1.8877946
BRAND_CFD9_COUNTRY_AE54,2023-08-01,1.8891914
BRAND_CFD9_COUNTRY_AE54,2023-09-01,1.8638229
BRAND_CFD9_COUNTRY_AE54,2023-10-01,1.8623528
BRAND_CFD9_COUNTRY_AE54,2023-11-01,1.8623528
BRAND_CFD9_COUNTRY_AE54,2023-12-01,1.8623528
BRAND_9259_COUNTRY_907E,2023-01-01,1.609211
BRAND_9259_COUNTRY_907E,2023-02-01,1.6134906
BRAND_9259_COUNTRY_907E,2023-03-01,1.6350427
BRAND_9259_COUNTRY_907E,2023-04-01,1.6381514
BRAND_9259_COUNTRY_907E,2023-05-01,1.6729174
BRAND_9259_COUNTRY_907E,2023-06-01,1.6901792
BRAND_9259_COUNTRY_907E,2023-07-01,1.69899
BRAND_9259_COUNTRY_907E,2023-08-01,1.7051593
BRAND_9259_COUNTRY_907E,2023-09-01,1.731927
BRAND_9259_COUNTRY_907E,2023-10-01,1.731927
BRAND_9259_COUNTRY_907E,2023-11-01,1.7333238
BRAND_9259_COUNTRY_907E,2023-12-01,1.7618443
BRAND_B1E8_COUNTRY_AE54,2023-01-01,1.8049529
BRAND_B1E8_COUNTRY_AE54,2023-02-01,1.8700836
BRAND_B1E8_COUNTRY_AE54,2023-03-01,1.8845941
BRAND_B1E8_COUNTRY_AE54,2023-04-01,1.9114559
BRAND_B1E8_COUNTRY_AE54,2023-05-01,2.008056
BRAND_B1E8_COUNTRY_AE54,2023-06-01,2.0558498
BRAND_B1E8_COUNTRY_AE54,2023-07-01,2.062182
BRAND_B1E8_COUNTRY_AE54,2023-08-01,2.062182
BRAND_B1E8_COUNTRY_AE54,2023-09-01,2.062182
BRAND_B1E8_COUNTRY_AE54,2023-10-01,2.1051638
BRAND_B1E8_COUNTRY_AE54,2023-11-01,2.1399298
BRAND_B1E8_COUNTRY_AE54,2023-12-01,2.1556952
BRAND_056A_COUNTRY_D8B0,2023-01-01,2.9070373
BRAND_056A_COUNTRY_D8B0,2023-02-01,2.9578676
BRAND_056A_COUNTRY_D8B0,2023-03-01,2.977971
BRAND_056A_COUNTRY_D8B0,2023-04-01,3.001633
BRAND_056A_COUNTRY_D8B0,2023-05-01,3.0425353
BRAND_056A_COUNTRY_D8B0,2023-06-01,3.0997133
BRAND_056A_COUNTRY_D8B0,2023-07-01,3.1060266
BRAND_056A_COUNTRY_D8B0,2023-08-01,3.2660885
BRAND_056A_COUNTRY_D8B0,2023-09-01,3.2809174
BRAND_056A_COUNTRY_D8B0,2023-10-01,3.3368492
BRAND_056A_COUNTRY_D8B0,2023-11-01,3.3676414
BRAND_056A_COUNTRY_D8B0,2023-12-01,3.3676414
BRAND_740F_COUNTRY_5180,2023-01-01,1.0632561
BRAND_740F_COUNTRY_5180,2023-02-01,1.0632561
BRAND_740F_COUNTRY_5180,2023-03-01,1.0663648
BRAND_740F_COUNTRY_5180,2023-04-01,1.0663648
BRAND_740F_COUNTRY_5180,2023-05-01,1.0709488
BRAND_740F_COUNTRY_5180,2023-06-01,1.0863309
BRAND_740F_COUNTRY_5180,2023-07-01,1.0881115
BRAND_740F_COUNTRY_5180,2023-08-01,1.0896609
BRAND_740F_COUNTRY_5180,2023-09-01,1.0896609
BRAND_740F_COUNTRY_5180,2023-10-01,1.0910577
BRAND_740F_COUNTRY_5180,2023-11-01,1.0949733
BRAND_740F_COUNTRY_5180,2023-12-01,1.0991882
BRAND_F649_COUNTRY_5180,2023-01-01,1.0716575
BRAND_F649_COUNTRY_5180,2023-02-01,1.0747662
BRAND_F649_COUNTRY_5180,2023-03-01,1.0747662
BRAND_F649_COUNTRY_5180,2023-04-01,1.0793502
BRAND_F649_COUNTRY_5180,2023-05-01,1.0936346
BRAND_F649_COUNTRY_5180,2023-06-01,1.0984442
BRAND_F649_COUNTRY_5180,2023-07-01,1.1005157
BRAND_F649_COUNTRY_5180,2023-08-01,1.1005157
BRAND_F649_COUNTRY_5180,2023-09-01,1.1019125
BRAND_F649_COUNTRY_5180,2023-10-01,1.1058282
BRAND_F649_COUNTRY_5180,2023-11-01,1.110043
BRAND_F649_COUNTRY_5180,2023-12-01,1.110043
BRAND_4888_COUNTRY_AE54,2023-01-01,1.4581623
BRAND_4888_COUNTRY_AE54,2023-02-01,1.4581623
BRAND_4888_COUNTRY_AE54,2023-03-01,1.4739276
BRAND_4888_COUNTRY_AE54,2023-04-01,1.4739276
BRAND_4888_COUNTRY_AE54,2023-05-01,1.4800969
BRAND_4888_COUNTRY_AE54,2023-06-01,1.4797724
BRAND_4888_COUNTRY_AE54,2023-07-01,1.4802947
BRAND_4888_COUNTRY_AE54,2023-08-01,1.4816914
BRAND_4888_COUNTRY_AE54,2023-09-01,1.4502404
BRAND_4888_COUNTRY_AE54,2023-10-01,1.4487704
BRAND_4888_COUNTRY_AE54,2023-11-01,1.4487704
BRAND_4888_COUNTRY_AE54,2023-12-01,1.4487704
BRAND_E57A_COUNTRY_5180,2023-01-01,1.0755126
BRAND_E57A_COUNTRY_5180,2023-02-01,1.0755126
BRAND_E57A_COUNTRY_5180,2023-03-01,1.0786214
BRAND_E57A_COUNTRY_5180,2023-04-01,1.0786214
BRAND_E57A_COUNTRY_5180,2023-05-01,1.0832053
BRAND_E57A_COUNTRY_5180,2023-06-01,1.0985874
BRAND_E57A_COUNTRY_5180,2023-07-01,1.100368
BRAND_E57A_COUNTRY_5180,2023-08-01,1.1019175
BRAND_E57A_COUNTRY_5180,2023-09-01,1.1019175
BRAND_E57A_COUNTRY_5180,2023-10-01,1.1033142
BRAND_E57A_COUNTRY_5180,2023-11-01,1.10723
BRAND_E57A_COUNTRY_5180,2023-12-01,1.1114447
BRAND_9259_COUNTRY_5180,2023-01-01,1.1026292
BRAND_9259_COUNTRY_5180,2023-02-01,1.1026292
BRAND_9259_COUNTRY_5180,2023-03-01,1.1057378
BRAND_9259_COUNTRY_5180,2023-04-01,1.1057378
BRAND_9259_COUNTRY_5180,2023-05-01,1.1103218
BRAND_9259_COUNTRY_5180,2023-06-01,1.1257038
BRAND_9259_COUNTRY_5180,2023-07-01,1.1274846
BRAND_9259_COUNTRY_5180,2023-08-01,1.1274846
BRAND_9259_COUNTRY_5180,2023-09-01,1.1274846
BRAND_9259_COUNTRY_5180,2023-10-01,1.1288812
BRAND_9259_COUNTRY_5180,2023-11-01,1.1327969
BRAND_9259_COUNTRY_5180,2023-12-01,1.1370118
BRAND_1E6F_COUNTRY_AE54,2023-01-01,1.2921176
BRAND_1E6F_COUNTRY_AE54,2023-02-01,1.3078829
BRAND_1E6F_COUNTRY_AE54,2023-03-01,1.3078829
BRAND_1E6F_COUNTRY_AE54,2023-04-01,1.3140522
BRAND_1E6F_COUNTRY_AE54,2023-05-01,1.3092496
BRAND_1E6F_COUNTRY_AE54,2023-06-01,1.3103474
BRAND_1E6F_COUNTRY_AE54,2023-07-01,1.3122663
BRAND_1E6F_COUNTRY_AE54,2023-08-01,1.2808152
BRAND_1E6F_COUNTRY_AE54,2023-09-01,1.2793453
BRAND_1E6F_COUNTRY_AE54,2023-10-01,1.2793453
BRAND_1E6F_COUNTRY_AE54,2023-11-01,1.2793453
BRAND_1E6F_COUNTRY_AE54,2023-12-01,1.2834687
BRAND_014B_COUNTRY_6C16,2023-01-01,1.0705034
BRAND_014B_COUNTRY_6C16,2023-02-01,1.0699089
BRAND_014B_COUNTRY_6C16,2023-03-01,1.0699089
BRAND_014B_COUNTRY_6C16,2023-04-01,1.0759511
BRAND_014B_COUNTRY_6C16,2023-05-01,1.0759511
BRAND_014B_COUNTRY_6C16,2023-06-01,1.0783073
BRAND_014B_COUNTRY_6C16,2023-07-01,1.0755805
BRAND_014B_COUNTRY_6C16,2023-08-01,1.0995296
BRAND_014B_COUNTRY_6C16,2023-09-01,1.1009264
BRAND_014B_COUNTRY_6C16,2023-10-01,1.1072066
BRAND_014B_COUNTRY_6C16,2023-11-01,1.1184168
BRAND_014B_COUNTRY_6C16,2023-12-01,1.1184168
BRAND_D72F_COUNTRY_C89B,2023-01-01,0.96412563
BRAND_D72F_COUNTRY_C89B,2023-02-01,0.978636
BRAND_D72F_COUNTRY_C89B,2023-03-01,0.9868449
BRAND_D72F_COUNTRY_C89B,2023-04-01,0.99274206
BRAND_D72F_COUNTRY_C89B,2023-05-01,1.0087358
BRAND_D72F_COUNTRY_C89B,2023-06-01,1.0156436
BRAND_D72F_COUNTRY_C89B,2023-07-01,1.0204453
BRAND_D72F_COUNTRY_C89B,2023-08-01,1.0204453
BRAND_D72F_COUNTRY_C89B,2023-09-01,1.023554
BRAND_D72F_COUNTRY_C89B,2023-10-01,1.0583199
BRAND_D72F_COUNTRY_C89B,2023-11-01,1.0639715
BRAND_D72F_COUNTRY_C89B,2023-12-01,1.0697895
BRAND_9259_COUNTRY_89F9,2023-01-01,1.6211154
BRAND_9259_COUNTRY_89F9,2023-02-01,1.6315675
BRAND_9259_COUNTRY_89F9,2023-03-01,1.6358471
BRAND_9259_COUNTRY_89F9,2023-04-01,1.6573992
BRAND_9259_COUNTRY_89F9,2023-05-01,1.6722281
BRAND_9259_COUNTRY_89F9,2023-06-01,1.7080917
BRAND_9259_COUNTRY_89F9,2023-07-01,1.7394061
BRAND_9259_COUNTRY_89F9,2023-08-01,1.7394061
BRAND_9259_COUNTRY_89F9,2023-09-01,1.7455754
BRAND_9259_COUNTRY_89F9,2023-10-01,1.7723432
BRAND_9259_COUNTRY_89F9,2023-11-01,1.7723432
BRAND_9259_COUNTRY_89F9,2023-12-01,1.7737399
BRAND_740F_COUNTRY_88A3,2023-01-01,0.9878516
BRAND_740F_COUNTRY_88A3,2023-02-01,1.0259044
BRAND_740F_COUNTRY_88A3,2023-03-01,1.030184
BRAND_740F_COUNTRY_88A3,2023-04-01,1.030184
BRAND_740F_COUNTRY_88A3,2023-05-01,1.0332927
BRAND_740F_COUNTRY_88A3,2023-06-01,1.0555563
BRAND_740F_COUNTRY_88A3,2023-07-01,1.0606624
BRAND_740F_COUNTRY_88A3,2023-08-01,1.0658771
BRAND_740F_COUNTRY_88A3,2023-09-01,1.0649209
BRAND_740F_COUNTRY_88A3,2023-10-01,1.0664704
BRAND_740F_COUNTRY_88A3,2023-11-01,1.0664704
BRAND_740F_COUNTRY_88A3,2023-12-01,1.0678672
BRAND_C3A1_COUNTRY_5180,2023-01-01,0.977901
BRAND_C3A1_COUNTRY_5180,2023-02-01,0.98202026
BRAND_C3A1_COUNTRY_5180,2023-03-01,0.9857925
BRAND_C3A1_COUNTRY_5180,2023-04-01,0.9843102
BRAND_C3A1_COUNTRY_5180,2023-05-01,0.98816425
BRAND_C3A1_COUNTRY_5180,2023-06-01,0.989262
BRAND_C3A1_COUNTRY_5180,2023-07-01,0.9891897
BRAND_C3A1_COUNTRY_5180,2023-08-01,0.9891897
BRAND_C3A1_COUNTRY_5180,2023-09-01,0.9937737
BRAND_C3A1_COUNTRY_5180,2023-10-01,0.99974144
BRAND_C3A1_COUNTRY_5180,2023-11-01,1.0009999
BRAND_C3A1_COUNTRY_5180,2023-12-01,1.0015571
BRAND_C352_COUNTRY_C8F4,2023-01-01,1.2310225
BRAND_C352_COUNTRY_C8F4,2023-02-01,1.2458515
BRAND_C352_COUNTRY_C8F4,2023-03-01,1.2458515
BRAND_C352_COUNTRY_C8F4,2023-04-01,1.244784
BRAND_C352_COUNTRY_C8F4,2023-05-01,1.2424631
BRAND_C352_COUNTRY_C8F4,2023-06-01,1.2448194
BRAND_C352_COUNTRY_C8F4,2023-07-01,1.246891
BRAND_C352_COUNTRY_C8F4,2023-08-01,1.246891
BRAND_C352_COUNTRY_C8F4,2023-09-01,1.2482878
BRAND_C352_COUNTRY_C8F4,2023-10-01,1.2736158
BRAND_C352_COUNTRY_C8F4,2023-11-01,1.284826
BRAND_C352_COUNTRY_C8F4,2023-12-01,1.284826
BRAND_A5D5_COUNTRY_C89B,2023-01-01,1.0384824
BRAND_A5D5_COUNTRY_C89B,2023-02-01,1.0442924
BRAND_A5D5_COUNTRY_C89B,2023-03-01,1.0485721
BRAND_A5D5_COUNTRY_C89B,2023-04-01,1.0485721
BRAND_A5D5_COUNTRY_C89B,2023-05-01,1.0598934
BRAND_A5D5_COUNTRY_C89B,2023-06-01,1.095757
BRAND_A5D5_COUNTRY_C89B,2023-07-01,1.1019306
BRAND_A5D5_COUNTRY_C89B,2023-08-01,1.1077487
BRAND_A5D5_COUNTRY_C89B,2023-09-01,1.1069412
BRAND_A5D5_COUNTRY_C89B,2023-10-01,1.106937
BRAND_A5D5_COUNTRY_C89B,2023-11-01,1.106937
BRAND_A5D5_COUNTRY_C89B,2023-12-01,1.1083338
BRAND_248D_COUNTRY_EA71,2023-01-01,1.1295108
BRAND_248D_COUNTRY_EA71,2023-02-01,1.1572772
BRAND_248D_COUNTRY_EA71,2023-03-01,1.1610495
BRAND_248D_COUNTRY_EA71,2023-04-01,1.1642091
BRAND_248D_COUNTRY_EA71,2023-05-01,1.1732686
BRAND_248D_COUNTRY_EA71,2023-06-01,1.1743664
BRAND_248D_COUNTRY_EA71,2023-07-01,1.1242857
BRAND_248D_COUNTRY_EA71,2023-08-01,1.1897175
BRAND_248D_COUNTRY_EA71,2023-09-01,1.1276888
BRAND_248D_COUNTRY_EA71,2023-10-01,1.1931206
BRAND_248D_COUNTRY_EA71,2023-11-01,1.1943791
BRAND_248D_COUNTRY_EA71,2023-12-01,1.1959286
BRAND_BBE0_COUNTRY_C89B,2023-01-01,1.0185307
BRAND_BBE0_COUNTRY_C89B,2023-02-01,1.0160637
BRAND_BBE0_COUNTRY_C89B,2023-03-01,1.0174315
BRAND_BBE0_COUNTRY_C89B,2023-04-01,1.0225596
BRAND_BBE0_COUNTRY_C89B,2023-05-01,1.0250072
BRAND_BBE0_COUNTRY_C89B,2023-06-01,1.0420988
BRAND_BBE0_COUNTRY_C89B,2023-07-01,1.0484309
BRAND_BBE0_COUNTRY_C89B,2023-08-01,1.0527105
BRAND_BBE0_COUNTRY_C89B,2023-09-01,1.0527105
BRAND_BBE0_COUNTRY_C89B,2023-10-01,1.0521162
BRAND_BBE0_COUNTRY_C89B,2023-11-01,1.0521162
BRAND_BBE0_COUNTRY_C89B,2023-12-01,1.0577676
BRAND_599D_COUNTRY_C51E,2023-01-01,1.0385784
BRAND_599D_COUNTRY_C51E,2023-02-01,1.0385784
BRAND_599D_COUNTRY_C51E,2023-03-01,1.0431623
BRAND_599D_COUNTRY_C51E,2023-04-01,1.0551946
BRAND_599D_COUNTRY_C51E,2023-05-01,1.0542386
BRAND_599D_COUNTRY_C51E,2023-06-01,1.0568856
BRAND_599D_COUNTRY_C51E,2023-07-01,1.060879
BRAND_599D_COUNTRY_C51E,2023-08-01,1.0622758
BRAND_599D_COUNTRY_C51E,2023-09-01,1.068556
BRAND_599D_COUNTRY_C51E,2023-10-01,1.068556
BRAND_599D_COUNTRY_C51E,2023-11-01,1.068556
BRAND_599D_COUNTRY_C51E,2023-12-01,1.068556
BRAND_A5D5_COUNTRY_5FEB,2023-01-01,1.2125411
BRAND_A5D5_COUNTRY_5FEB,2023-02-01,1.2473071
BRAND_A5D5_COUNTRY_5FEB,2023-03-01,1.270182
BRAND_A5D5_COUNTRY_5FEB,2023-04-01,1.2784706
BRAND_A5D5_COUNTRY_5FEB,2023-05-01,1.2846398
BRAND_A5D5_COUNTRY_5FEB,2023-06-01,1.2857335
BRAND_A5D5_COUNTRY_5FEB,2023-07-01,1.2862556
BRAND_A5D5_COUNTRY_5FEB,2023-08-01,1.2876524
BRAND_A5D5_COUNTRY_5FEB,2023-09-01,1.2955892
BRAND_A5D5_COUNTRY_5FEB,2023-10-01,1.2998041
BRAND_A5D5_COUNTRY_5FEB,2023-11-01,1.2998041
BRAND_A5D5_COUNTRY_5FEB,2023-12-01,1.2998041
BRAND_A12A_COUNTRY_C51E,2023-01-01,1.1611669
BRAND_A12A_COUNTRY_C51E,2023-02-01,1.1702213
BRAND_A12A_COUNTRY_C51E,2023-03-01,1.175436
BRAND_A12A_COUNTRY_C51E,2023-04-01,1.17448
BRAND_A12A_COUNTRY_C51E,2023-05-01,1.169631
BRAND_A12A_COUNTRY_C51E,2023-06-01,1.1707287
BRAND_A12A_COUNTRY_C51E,2023-07-01,1.1726477
BRAND_A12A_COUNTRY_C51E,2023-08-01,1.2011683
BRAND_A12A_COUNTRY_C51E,2023-09-01,1.2011683
BRAND_A12A_COUNTRY_C51E,2023-10-01,1.2011683
BRAND_A12A_COUNTRY_C51E,2023-11-01,1.2011683
BRAND_A12A_COUNTRY_C51E,2023-12-01,1.2100347
BRAND_ACB5_COUNTRY_9488,2023-01-01,0.9683928
BRAND_ACB5_COUNTRY_9488,2023-02-01,0.9636504
BRAND_ACB5_COUNTRY_9488,2023-03-01,0.9613662
BRAND_ACB5_COUNTRY_9488,2023-04-01,0.966883
BRAND_ACB5_COUNTRY_9488,2023-05-01,0.9710023
BRAND_ACB5_COUNTRY_9488,2023-06-01,0.98809373
BRAND_ACB5_COUNTRY_9488,2023-07-01,0.99442595
BRAND_ACB5_COUNTRY_9488,2023-08-01,0.99870557
BRAND_ACB5_COUNTRY_9488,2023-09-01,0.99870557
BRAND_ACB5_COUNTRY_9488,2023-10-01,0.9981111
BRAND_ACB5_COUNTRY_9488,2023-11-01,0.9981111
BRAND_ACB5_COUNTRY_9488,2023-12-01,1.0098047
BRAND_9259_COUNTRY_88A3,2023-01-01,1.0015863
BRAND_9259_COUNTRY_88A3,2023-02-01,1.0137483
BRAND_9259_COUNTRY_88A3,2023-03-01,1.0163523
BRAND_9259_COUNTRY_88A3,2023-04-01,1.0118542
BRAND_9259_COUNTRY_88A3,2023-05-01,1.049907
BRAND_9259_COUNTRY_88A3,2023-06-01,1.0552843
BRAND_9259_COUNTRY_88A3,2023-07-01,1.0558064
BRAND_9259_COUNTRY_88A3,2023-08-01,1.058915
BRAND_9259_COUNTRY_88A3,2023-09-01,1.080081
BRAND_9259_COUNTRY_88A3,2023-10-01,1.084665
BRAND_9259_COUNTRY_88A3,2023-11-01,1.0898796
BRAND_9259_COUNTRY_88A3,2023-12-01,1.0889235
BRAND_E57A_COUNTRY_0C7D,2023-01-01,1.0647753
BRAND_E57A_COUNTRY_0C7D,2023-02-01,1.067884
BRAND_E57A_COUNTRY_0C7D,2023-03-01,1.067884
BRAND_E57A_COUNTRY_0C7D,2023-04-01,1.0795776
BRAND_E57A_COUNTRY_0C7D,2023-05-01,1.0961827
BRAND_E57A_COUNTRY_0C7D,2023-06-01,1.098539
BRAND_E57A_COUNTRY_0C7D,2023-07-01,1.1006105
BRAND_E57A_COUNTRY_0C7D,2023-08-01,1.1006105
BRAND_E57A_COUNTRY_0C7D,2023-09-01,1.1020073
BRAND_E57A_COUNTRY_0C7D,2023-10-01,1.1059229
BRAND_E57A_COUNTRY_0C7D,2023-11-01,1.1101378
BRAND_E57A_COUNTRY_0C7D,2023-12-01,1.1101378
BRAND_BC1F_COUNTRY_C89B,2023-01-01,1.0004233
BRAND_BC1F_COUNTRY_C89B,2023-02-01,1.016417
BRAND_BC1F_COUNTRY_C89B,2023-03-01,1.0222272
BRAND_BC1F_COUNTRY_C89B,2023-04-01,1.0265068
BRAND_BC1F_COUNTRY_C89B,2023-05-01,1.0265068
BRAND_BC1F_COUNTRY_C89B,2023-06-01,1.0352228
BRAND_BC1F_COUNTRY_C89B,2023-07-01,1.0357449
BRAND_BC1F_COUNTRY_C89B,2023-08-01,1.0413964
BRAND_BC1F_COUNTRY_C89B,2023-09-01,1.0394003
BRAND_BC1F_COUNTRY_C89B,2023-10-01,1.0385927
BRAND_BC1F_COUNTRY_C89B,2023-11-01,1.0337902
BRAND_BC1F_COUNTRY_C89B,2023-12-01,1.0337902
BRAND_F649_COUNTRY_EA71,2023-01-01,1.0387553
BRAND_F649_COUNTRY_EA71,2023-02-01,1.0535843
BRAND_F649_COUNTRY_EA71,2023-03-01,1.0535843
BRAND_F649_COUNTRY_EA71,2023-04-01,1.0525168
BRAND_F649_COUNTRY_EA71,2023-05-01,1.0525168
BRAND_F649_COUNTRY_EA71,2023-06-01,1.054873
BRAND_F649_COUNTRY_EA71,2023-07-01,1.0569446
BRAND_F649_COUNTRY_EA71,2023-08-01,1.0569446
BRAND_F649_COUNTRY_EA71,2023-09-01,1.0271158
BRAND_F649_COUNTRY_EA71,2023-10-01,1.0836694
BRAND_F649_COUNTRY_EA71,2023-11-01,1.0891949
BRAND_F649_COUNTRY_EA71,2023-12-01,1.0891949
BRAND_E57A_COUNTRY_88A3,2023-01-01,0.98821497
BRAND_E57A_COUNTRY_88A3,2023-02-01,0.99373186
BRAND_E57A_COUNTRY_88A3,2023-03-01,0.99633586
BRAND_E57A_COUNTRY_88A3,2023-04-01,1.0001081
BRAND_E57A_COUNTRY_88A3,2023-05-01,1.0381609
BRAND_E57A_COUNTRY_88A3,2023-06-01,1.0435382
BRAND_E57A_COUNTRY_88A3,2023-07-01,1.0440605
BRAND_E57A_COUNTRY_88A3,2023-08-01,1.0471691
BRAND_E57A_COUNTRY_88A3,2023-09-01,1.0683349
BRAND_E57A_COUNTRY_88A3,2023-10-01,1.0729189
BRAND_E57A_COUNTRY_88A3,2023-11-01,1.0781336
BRAND_E57A_COUNTRY_88A3,2023-12-01,1.0771775
BRAND_D786_COUNTRY_4253,2023-01-01,1.1861533
BRAND_D786_COUNTRY_4253,2023-02-01,1.2006638
BRAND_D786_COUNTRY_4253,2023-03-01,1.2275256
BRAND_D786_COUNTRY_4253,2023-04-01,1.238102
BRAND_D786_COUNTRY_4253,2023-05-01,1.2510409
BRAND_D786_COUNTRY_4253,2023-06-01,1.2643719
BRAND_D786_COUNTRY_4253,2023-07-01,1.2691737
BRAND_D786_COUNTRY_4253,2023-08-01,1.2722285
BRAND_D786_COUNTRY_4253,2023-09-01,1.2722824
BRAND_D786_COUNTRY_4253,2023-10-01,1.3070483
BRAND_D786_COUNTRY_4253,2023-11-01,1.3363824
BRAND_D786_COUNTRY_4253,2023-12-01,1.3446709
BRAND_056A_COUNTRY_458E,2023-01-01,1.0287491
BRAND_056A_COUNTRY_458E,2023-02-01,1.0319088
BRAND_056A_COUNTRY_458E,2023-03-01,1.0361884
BRAND_056A_COUNTRY_458E,2023-04-01,1.0361884
BRAND_056A_COUNTRY_458E,2023-05-01,1.039297
BRAND_056A_COUNTRY_458E,2023-06-01,1.0403948
BRAND_056A_COUNTRY_458E,2023-07-01,1.0455009
BRAND_056A_COUNTRY_458E,2023-08-01,1.062106
BRAND_056A_COUNTRY_458E,2023-09-01,1.06115
BRAND_056A_COUNTRY_458E,2023-10-01,1.0626993
BRAND_056A_COUNTRY_458E,2023-11-01,1.0626993
BRAND_056A_COUNTRY_458E,2023-12-01,1.0640961
BRAND_056A_COUNTRY_6C16,2023-01-01,1.0894887
BRAND_056A_COUNTRY_6C16,2023-02-01,1.1246442
BRAND_056A_COUNTRY_6C16,2023-03-01,1.1234025
BRAND_056A_COUNTRY_6C16,2023-04-01,1.151169
BRAND_056A_COUNTRY_6C16,2023-05-01,1.1533159
BRAND_056A_COUNTRY_6C16,2023-06-01,1.1575732
BRAND_056A_COUNTRY_6C16,2023-07-01,1.1671548
BRAND_056A_COUNTRY_6C16,2023-08-01,1.1671548
BRAND_056A_COUNTRY_6C16,2023-09-01,1.1819838
BRAND_056A_COUNTRY_6C16,2023-10-01,1.1819838
BRAND_056A_COUNTRY_6C16,2023-11-01,1.188026
BRAND_056A_COUNTRY_6C16,2023-12-01,1.188026
BRAND_D72F_COUNTRY_1033,2023-01-01,1.0295846
BRAND_D72F_COUNTRY_1033,2023-02-01,1.0354818
BRAND_D72F_COUNTRY_1033,2023-03-01,1.0514755
BRAND_D72F_COUNTRY_1033,2023-04-01,1.0572855
BRAND_D72F_COUNTRY_1033,2023-05-01,1.0615652
BRAND_D72F_COUNTRY_1033,2023-06-01,1.0626628
BRAND_D72F_COUNTRY_1033,2023-07-01,1.0662937
BRAND_D72F_COUNTRY_1033,2023-08-01,1.1010597
BRAND_D72F_COUNTRY_1033,2023-09-01,1.1138208
BRAND_D72F_COUNTRY_1033,2023-10-01,1.1138022
BRAND_D72F_COUNTRY_1033,2023-11-01,1.1247684
BRAND_D72F_COUNTRY_1033,2023-12-01,1.1247642
BRAND_7065_COUNTRY_9488,2023-01-01,1.0045989
BRAND_7065_COUNTRY_9488,2023-02-01,1.0162925
BRAND_7065_COUNTRY_9488,2023-03-01,1.024581
BRAND_7065_COUNTRY_9488,2023-04-01,1.0307503
BRAND_7065_COUNTRY_9488,2023-05-01,1.0307503
BRAND_7065_COUNTRY_9488,2023-06-01,1.0408008
BRAND_7065_COUNTRY_9488,2023-07-01,1.0266814
BRAND_7065_COUNTRY_9488,2023-08-01,1.0437223
BRAND_7065_COUNTRY_9488,2023-09-01,1.0479372
BRAND_7065_COUNTRY_9488,2023-10-01,1.0479372
BRAND_7065_COUNTRY_9488,2023-11-01,1.0479372
BRAND_7065_COUNTRY_9488,2023-12-01,1.0520606
BRAND_F649_COUNTRY_89F9,2023-01-01,1.5840509
BRAND_F649_COUNTRY_89F9,2023-02-01,1.6444408
BRAND_F649_COUNTRY_89F9,2023-03-01,1.6645441
BRAND_F649_COUNTRY_89F9,2023-04-01,1.6923106
BRAND_F649_COUNTRY_89F9,2023-05-01,1.7332132
BRAND_F649_COUNTRY_89F9,2023-06-01,1.7472162
BRAND_F649_COUNTRY_89F9,2023-07-01,1.7520181
BRAND_F649_COUNTRY_89F9,2023-08-01,1.7735702
BRAND_F649_COUNTRY_89F9,2023-09-01,1.7883991
BRAND_F649_COUNTRY_89F9,2023-10-01,1.8231652
BRAND_F649_COUNTRY_89F9,2023-11-01,1.8539573
BRAND_F649_COUNTRY_89F9,2023-12-01,1.8539573
BRAND_E57A_COUNTRY_EA71,2023-01-01,1.099294
BRAND_E57A_COUNTRY_EA71,2023-02-01,1.1307524
BRAND_E57A_COUNTRY_EA71,2023-03-01,1.1295108
BRAND_E57A_COUNTRY_EA71,2023-04-01,1.1572772
BRAND_E57A_COUNTRY_EA71,2023-05-01,1.1610495
BRAND_E57A_COUNTRY_EA71,2023-06-01,1.1653068
BRAND_E57A_COUNTRY_EA71,2023-07-01,1.1748885
BRAND_E57A_COUNTRY_EA71,2023-08-01,1.1748885
BRAND_E57A_COUNTRY_EA71,2023-09-01,1.1897175
BRAND_E57A_COUNTRY_EA71,2023-10-01,1.1897175
BRAND_E57A_COUNTRY_EA71,2023-11-01,1.1931206
BRAND_E57A_COUNTRY_EA71,2023-12-01,1.1931206
BRAND_76D6_COUNTRY_AE54,2023-01-01,2.2086568
BRAND_76D6_COUNTRY_AE54,2023-02-01,2.3157969
BRAND_76D6_COUNTRY_AE54,2023-03-01,2.4026248
BRAND_76D6_COUNTRY_AE54,2023-04-01,2.4807708
BRAND_76D6_COUNTRY_AE54,2023-05-01,2.5112286
BRAND_76D6_COUNTRY_AE54,2023-06-01,2.5198922
BRAND_76D6_COUNTRY_AE54,2023-07-01,2.5324688
BRAND_76D6_COUNTRY_AE54,2023-08-01,2.5928702
BRAND_76D6_COUNTRY_AE54,2023-09-01,2.6126964
BRAND_76D6_COUNTRY_AE54,2023-10-01,2.7377436
BRAND_76D6_COUNTRY_AE54,2023-11-01,2.7478573
BRAND_76D6_COUNTRY_AE54,2023-12-01,2.7478573
BRAND_9259_COUNTRY_3536,2023-01-01,1.036404
BRAND_9259_COUNTRY_3536,2023-02-01,1.0414451
BRAND_9259_COUNTRY_3536,2023-03-01,1.0435147
BRAND_9259_COUNTRY_3536,2023-04-01,1.0504314
BRAND_9259_COUNTRY_3536,2023-05-01,1.0649418
BRAND_9259_COUNTRY_3536,2023-06-01,1.0715563
BRAND_9259_COUNTRY_3536,2023-07-01,1.0826548
BRAND_9259_COUNTRY_3536,2023-08-01,1.0986485
BRAND_9259_COUNTRY_3536,2023-09-01,1.1044586
BRAND_9259_COUNTRY_3536,2023-10-01,1.1087382
BRAND_9259_COUNTRY_3536,2023-11-01,1.1087382
BRAND_9259_COUNTRY_3536,2023-12-01,1.1118469
BRAND_C352_COUNTRY_F78A,2023-02-01,0.9393846
BRAND_C352_COUNTRY_F78A,2023-03-01,0.96918607
BRAND_C352_COUNTRY_F78A,2023-04-01,0.9812865
BRAND_C352_COUNTRY_F78A,2023-05-01,0.983639
BRAND_C352_COUNTRY_F78A,2023-06-01,0.9992472
BRAND_C352_COUNTRY_F78A,2023-07-01,1.0206106
BRAND_C352_COUNTRY_F78A,2023-08-01,1.0265076
BRAND_C352_COUNTRY_F78A,2023-09-01,1.0425014
BRAND_C352_COUNTRY_F78A,2023-10-01,1.0483115
BRAND_C352_COUNTRY_F78A,2023-11-01,1.0525911
BRAND_C352_COUNTRY_F78A,2023-12-01,1.0525911
BRAND_D786_COUNTRY_1033,2023-02-01,1.0058639
BRAND_D786_COUNTRY_1033,2023-03-01,1.0356653
BRAND_D786_COUNTRY_1033,2023-04-01,1.0527577
BRAND_D786_COUNTRY_1033,2023-05-01,1.0545868
BRAND_D786_COUNTRY_1033,2023-06-01,1.070195
BRAND_D786_COUNTRY_1033,2023-07-01,1.078926
BRAND_D786_COUNTRY_1033,2023-08-01,1.084823
BRAND_D786_COUNTRY_1033,2023-09-01,1.1008167
BRAND_D786_COUNTRY_1033,2023-10-01,1.1066269
BRAND_D786_COUNTRY_1033,2023-11-01,1.1109064
BRAND_D786_COUNTRY_1033,2023-12-01,1.1109064
BRAND_C352_COUNTRY_6B71,2023-02-01,1.0260718
BRAND_C352_COUNTRY_6B71,2023-03-01,1.0311129
BRAND_C352_COUNTRY_6B71,2023-04-01,1.0331825
BRAND_C352_COUNTRY_6B71,2023-05-01,1.0406225
BRAND_C352_COUNTRY_6B71,2023-06-01,1.0562307
BRAND_C352_COUNTRY_6B71,2023-07-01,1.0622697
BRAND_C352_COUNTRY_6B71,2023-08-01,1.0728459
BRAND_C352_COUNTRY_6B71,2023-09-01,1.0766183
BRAND_C352_COUNTRY_6B71,2023-10-01,1.075136
BRAND_C352_COUNTRY_6B71,2023-11-01,1.0794156
BRAND_C352_COUNTRY_6B71,2023-12-01,1.0794156
BRAND_5E80_COUNTRY_4D48,2023-02-01,1.315739
BRAND_5E80_COUNTRY_4D48,2023-03-01,1.3297502
BRAND_5E80_COUNTRY_4D48,2023-04-01,1.3678547
BRAND_5E80_COUNTRY_4D48,2023-05-01,1.3817449
BRAND_5E80_COUNTRY_4D48,2023-06-01,1.3998064
BRAND_5E80_COUNTRY_4D48,2023-07-01,1.4271904
BRAND_5E80_COUNTRY_4D48,2023-08-01,1.4377667
BRAND_5E80_COUNTRY_4D48,2023-09-01,1.4786694
BRAND_5E80_COUNTRY_4D48,2023-10-01,1.4891213
BRAND_5E80_COUNTRY_4D48,2023-11-01,1.4934009
BRAND_5E80_COUNTRY_4D48,2023-12-01,1.5149531
BRAND_056A_COUNTRY_89F9,2023-02-01,1.4662557
BRAND_056A_COUNTRY_89F9,2023-03-01,1.5033997
BRAND_056A_COUNTRY_89F9,2023-04-01,1.5204922
BRAND_056A_COUNTRY_89F9,2023-05-01,1.5423232
BRAND_056A_COUNTRY_89F9,2023-06-01,1.6038109
BRAND_056A_COUNTRY_89F9,2023-07-01,1.6244364
BRAND_056A_COUNTRY_89F9,2023-08-01,1.6522028
BRAND_056A_COUNTRY_89F9,2023-09-01,1.6931053
BRAND_056A_COUNTRY_89F9,2023-10-01,1.7035574
BRAND_056A_COUNTRY_89F9,2023-11-01,1.707837
BRAND_056A_COUNTRY_89F9,2023-12-01,1.7293891
BRAND_056A_COUNTRY_C8F4,2023-03-01,1.007539
BRAND_056A_COUNTRY_C8F4,2023-04-01,1.0311835
BRAND_056A_COUNTRY_C8F4,2023-05-01,1.038245
BRAND_056A_COUNTRY_C8F4,2023-06-01,1.0532327
BRAND_056A_COUNTRY_C8F4,2023-07-01,1.0889103
BRAND_056A_COUNTRY_C8F4,2023-08-01,1.0876687
BRAND_056A_COUNTRY_C8F4,2023-09-01,1.1154351
BRAND_056A_COUNTRY_C8F4,2023-10-01,1.1175821
BRAND_056A_COUNTRY_C8F4,2023-11-01,1.1207416
BRAND_056A_COUNTRY_C8F4,2023-12-01,1.129801
BRAND_9259_COUNTRY_06E4,2023-03-01,0.9668896
BRAND_9259_COUNTRY_06E4,2023-04-01,0.98980397
BRAND_9259_COUNTRY_06E4,2023-05-01,0.99658364
BRAND_9259_COUNTRY_06E4,2023-06-01,1.0195124
BRAND_9259_COUNTRY_06E4,2023-07-01,1.0382421
BRAND_9259_COUNTRY_06E4,2023-08-01,1.0462463
BRAND_9259_COUNTRY_06E4,2023-09-01,1.056035
BRAND_9259_COUNTRY_06E4,2023-10-01,1.058182
BRAND_9259_COUNTRY_06E4,2023-11-01,1.0613415
BRAND_9259_COUNTRY_06E4,2023-12-01,1.0656211
BRAND_248D_COUNTRY_C89B,2023-03-01,0.9739342
BRAND_248D_COUNTRY_C89B,2023-04-01,1.0037355
BRAND_248D_COUNTRY_C89B,2023-05-01,1.0158361
BRAND_248D_COUNTRY_C89B,2023-06-01,1.0192863
BRAND_248D_COUNTRY_C89B,2023-07-01,1.0343189
BRAND_248D_COUNTRY_C89B,2023-08-01,1.0425278
BRAND_248D_COUNTRY_C89B,2023-09-01,1.0484248
BRAND_248D_COUNTRY_C89B,2023-10-01,1.0644186
BRAND_248D_COUNTRY_C89B,2023-11-01,1.0702287
BRAND_248D_COUNTRY_C89B,2023-12-01,1.0745082
BRAND_056A_COUNTRY_A67D,2023-03-01,0.921864
BRAND_056A_COUNTRY_A67D,2023-04-01,0.93424773
BRAND_056A_COUNTRY_A67D,2023-05-01,0.9363174
BRAND_056A_COUNTRY_A67D,2023-06-01,0.9592463
BRAND_056A_COUNTRY_A67D,2023-07-01,0.9912268
BRAND_056A_COUNTRY_A67D,2023-08-01,0.98998517
BRAND_056A_COUNTRY_A67D,2023-09-01,1.0177516
BRAND_056A_COUNTRY_A67D,2023-10-01,1.0198985
BRAND_056A_COUNTRY_A67D,2023-11-01,1.0230582
BRAND_056A_COUNTRY_A67D,2023-12-01,1.0321176
BRAND_E57A_COUNTRY_8B47,2023-03-01,0.9926066
BRAND_E57A_COUNTRY_8B47,2023-04-01,1.0076485
BRAND_E57A_COUNTRY_8B47,2023-05-01,1.01471
BRAND_E57A_COUNTRY_8B47,2023-06-01,1.0302212
BRAND_E57A_COUNTRY_8B47,2023-07-01,1.0489508
BRAND_E57A_COUNTRY_8B47,2023-08-01,1.0544677
BRAND_E57A_COUNTRY_8B47,2023-09-01,1.0630454
BRAND_E57A_COUNTRY_8B47,2023-10-01,1.0668176
BRAND_E57A_COUNTRY_8B47,2023-11-01,1.0699773
BRAND_E57A_COUNTRY_8B47,2023-12-01,1.0742569
BRAND_056A_COUNTRY_5180,2023-04-01,1.0167227
BRAND_056A_COUNTRY_5180,2023-05-01,1.0217638
BRAND_056A_COUNTRY_5180,2023-06-01,1.029923
BRAND_056A_COUNTRY_5180,2023-07-01,1.0453027
BRAND_056A_COUNTRY_5180,2023-08-01,1.0635102
BRAND_056A_COUNTRY_5180,2023-09-01,1.0690271
BRAND_056A_COUNTRY_5180,2023-10-01,1.0796034
BRAND_056A_COUNTRY_5180,2023-11-01,1.0817503
BRAND_056A_COUNTRY_5180,2023-12-01,1.080268
BRAND_056A_COUNTRY_445D,2023-04-01,1.5237954
BRAND_056A_COUNTRY_445D,2023-05-01,1.548655
BRAND_056A_COUNTRY_445D,2023-06-01,1.5568143
BRAND_056A_COUNTRY_445D,2023-07-01,1.5712266
BRAND_056A_COUNTRY_445D,2023-08-01,1.6316164
BRAND_056A_COUNTRY_445D,2023-09-01,1.6359423
BRAND_056A_COUNTRY_445D,2023-10-01,1.6637087
BRAND_056A_COUNTRY_445D,2023-11-01,1.7046113
BRAND_056A_COUNTRY_445D,2023-12-01,1.7150633
BRAND_740F_COUNTRY_9488,2023-04-01,1.0974964
BRAND_740F_COUNTRY_9488,2023-05-01,1.1025375
BRAND_740F_COUNTRY_9488,2023-06-01,1.1106968
BRAND_740F_COUNTRY_9488,2023-07-01,1.1186589
BRAND_740F_COUNTRY_9488,2023-08-01,1.1331693
BRAND_740F_COUNTRY_9488,2023-09-01,1.1386862
BRAND_740F_COUNTRY_9488,2023-10-01,1.1492624
BRAND_740F_COUNTRY_9488,2023-11-01,1.1652563
BRAND_740F_COUNTRY_9488,2023-12-01,1.1710663
BRAND_E57A_COUNTRY_9488,2023-04-01,1.0974964
BRAND_E57A_COUNTRY_9488,2023-05-01,1.1025375
BRAND_E57A_COUNTRY_9488,2023-06-01,1.1106968
BRAND_E57A_COUNTRY_9488,2023-07-01,1.1186589
BRAND_E57A_COUNTRY_9488,2023-08-01,1.1331693
BRAND_E57A_COUNTRY_9488,2023-09-01,1.1386862
BRAND_E57A_COUNTRY_9488,2023-10-01,1.1492624
BRAND_E57A_COUNTRY_9488,2023-11-01,1.1652563
BRAND_E57A_COUNTRY_9488,2023-12-01,1.1710663
BRAND_C352_COUNTRY_907E,2023-05-01,1.4206411
BRAND_C352_COUNTRY_907E,2023-06-01,1.4759868
BRAND_C352_COUNTRY_907E,2023-07-01,1.4835706
BRAND_C352_COUNTRY_907E,2023-08-01,1.497984
BRAND_C352_COUNTRY_907E,2023-09-01,1.541426
BRAND_C352_COUNTRY_907E,2023-10-01,1.5682878
BRAND_C352_COUNTRY_907E,2023-11-01,1.5788641
BRAND_C352_COUNTRY_907E,2023-12-01,1.6197667
BRAND_D786_COUNTRY_4D48,2023-05-01,1.3090186
BRAND_D786_COUNTRY_4D48,2023-06-01,1.3225001
BRAND_D786_COUNTRY_4D48,2023-07-01,1.325092
BRAND_D786_COUNTRY_4D48,2023-08-01,1.338982
BRAND_D786_COUNTRY_4D48,2023-09-01,1.3534924
BRAND_D786_COUNTRY_4D48,2023-10-01,1.3803543
BRAND_D786_COUNTRY_4D48,2023-11-01,1.3909305
BRAND_D786_COUNTRY_4D48,2023-12-01,1.4318333
BRAND_056A_COUNTRY_4242,2023-05-01,0.9983324
BRAND_056A_COUNTRY_4242,2023-06-01,1.0129488
BRAND_056A_COUNTRY_4242,2023-07-01,1.0171704
BRAND_056A_COUNTRY_4242,2023-08-01,1.0390015
BRAND_056A_COUNTRY_4242,2023-09-01,1.0741569
BRAND_056A_COUNTRY_4242,2023-10-01,1.0729152
BRAND_056A_COUNTRY_4242,2023-11-01,1.0968139
BRAND_056A_COUNTRY_4242,2023-12-01,1.0989608
BRAND_9259_COUNTRY_E319,2023-05-01,0.9631869
BRAND_9259_COUNTRY_E319,2023-06-01,0.98870444
BRAND_9259_COUNTRY_E319,2023-07-01,1.001327
BRAND_9259_COUNTRY_E319,2023-08-01,1.0031562
BRAND_9259_COUNTRY_E319,2023-09-01,1.0176666
BRAND_9259_COUNTRY_E319,2023-10-01,1.0385078
BRAND_9259_COUNTRY_E319,2023-11-01,1.044405
BRAND_9259_COUNTRY_E319,2023-12-01,1.0603987
BRAND_F649_COUNTRY_C8F4,2023-05-01,1.013988
BRAND_F649_COUNTRY_C8F4,2023-06-01,1.0387301
BRAND_F649_COUNTRY_C8F4,2023-07-01,1.0463138
BRAND_F649_COUNTRY_C8F4,2023-08-01,1.0607274
BRAND_F649_COUNTRY_C8F4,2023-09-01,1.0958827
BRAND_F649_COUNTRY_C8F4,2023-10-01,1.0946411
BRAND_F649_COUNTRY_C8F4,2023-11-01,1.1224074
BRAND_F649_COUNTRY_C8F4,2023-12-01,1.1245544
BRAND_C352_COUNTRY_0C7D,2023-05-01,0.97952056
BRAND_C352_COUNTRY_0C7D,2023-06-01,0.9856594
BRAND_C352_COUNTRY_0C7D,2023-07-01,0.9932431
BRAND_C352_COUNTRY_0C7D,2023-08-01,1.0006831
BRAND_C352_COUNTRY_0C7D,2023-09-01,1.0188905
BRAND_C352_COUNTRY_0C7D,2023-10-01,1.0244074
BRAND_C352_COUNTRY_0C7D,2023-11-01,1.0349836
BRAND_C352_COUNTRY_0C7D,2023-12-01,1.0387559
BRAND_056A_COUNTRY_6B71,2023-05-01,1.0614944
BRAND_056A_COUNTRY_6B71,2023-06-01,1.0676332
BRAND_056A_COUNTRY_6B71,2023-07-01,1.070225
BRAND_056A_COUNTRY_6B71,2023-08-01,1.0771415
BRAND_056A_COUNTRY_6B71,2023-09-01,1.091652
BRAND_056A_COUNTRY_6B71,2023-10-01,1.0971689
BRAND_056A_COUNTRY_6B71,2023-11-01,1.1077452
BRAND_056A_COUNTRY_6B71,2023-12-01,1.1098921
BRAND_056A_COUNTRY_5A54,2023-05-01,0.9776794
BRAND_056A_COUNTRY_5A54,2023-06-01,0.99116087
BRAND_056A_COUNTRY_5A54,2023-07-01,0.9987445
BRAND_056A_COUNTRY_5A54,2023-08-01,1.0126345
BRAND_056A_COUNTRY_5A54,2023-09-01,1.0308421
BRAND_056A_COUNTRY_5A54,2023-10-01,1.0363588
BRAND_056A_COUNTRY_5A54,2023-11-01,1.0469352
BRAND_056A_COUNTRY_5A54,2023-12-01,1.049082
BRAND_7BEC_COUNTRY_4253,2023-05-01,1.068774
BRAND_7BEC_COUNTRY_4253,2023-06-01,1.1226201
BRAND_7BEC_COUNTRY_4253,2023-07-01,1.1712778
BRAND_7BEC_COUNTRY_4253,2023-08-01,1.1787179
BRAND_7BEC_COUNTRY_4253,2023-09-01,1.1932282
BRAND_7BEC_COUNTRY_4253,2023-10-01,1.2200902
BRAND_7BEC_COUNTRY_4253,2023-11-01,1.2306664
BRAND_7BEC_COUNTRY_4253,2023-12-01,1.2466601
BRAND_056A_COUNTRY_06E4,2023-05-01,0.94947827
BRAND_056A_COUNTRY_06E4,2023-06-01,0.9765705
BRAND_056A_COUNTRY_06E4,2023-07-01,0.98079216
BRAND_056A_COUNTRY_06E4,2023-08-01,1.0026233
BRAND_056A_COUNTRY_06E4,2023-09-01,1.0208308
BRAND_056A_COUNTRY_06E4,2023-10-01,1.0319152
BRAND_056A_COUNTRY_06E4,2023-11-01,1.0386237
BRAND_056A_COUNTRY_06E4,2023-12-01,1.0407706
BRAND_F649_COUNTRY_D5B9,2023-05-01,0.97326493
BRAND_F649_COUNTRY_D5B9,2023-06-01,0.99033463
BRAND_F649_COUNTRY_D5B9,2023-07-01,0.9945563
BRAND_F649_COUNTRY_D5B9,2023-08-01,1.0089698
BRAND_F649_COUNTRY_D5B9,2023-09-01,1.0441252
BRAND_F649_COUNTRY_D5B9,2023-10-01,1.049642
BRAND_F649_COUNTRY_D5B9,2023-11-01,1.0735407
BRAND_F649_COUNTRY_D5B9,2023-12-01,1.077313
BRAND_F649_COUNTRY_221C,2023-06-01,0.9994161
BRAND_F649_COUNTRY_221C,2023-07-01,1.0307097
BRAND_F649_COUNTRY_221C,2023-08-01,1.0478021
BRAND_F649_COUNTRY_221C,2023-09-01,1.0652118
BRAND_F649_COUNTRY_221C,2023-10-01,1.0834192
BRAND_F649_COUNTRY_221C,2023-11-01,1.1042604
BRAND_F649_COUNTRY_221C,2023-12-01,1.1148367
BRAND_7250_COUNTRY_D8B0,2023-06-01,1.9995599
BRAND_7250_COUNTRY_D8B0,2023-07-01,2.0633936
BRAND_7250_COUNTRY_D8B0,2023-08-01,2.210549
BRAND_7250_COUNTRY_D8B0,2023-09-01,2.254176
BRAND_7250_COUNTRY_D8B0,2023-10-01,2.314566
BRAND_7250_COUNTRY_D8B0,2023-11-01,2.334669
BRAND_7250_COUNTRY_D8B0,2023-12-01,2.3583312
BRAND_056A_COUNTRY_1007,2023-06-01,1.404233
BRAND_056A_COUNTRY_1007,2023-07-01,1.4428693
BRAND_056A_COUNTRY_1007,2023-08-01,1.466528
BRAND_056A_COUNTRY_1007,2023-09-01,1.4804182
BRAND_056A_COUNTRY_1007,2023-10-01,1.4986256
BRAND_056A_COUNTRY_1007,2023-11-01,1.5254874
BRAND_056A_COUNTRY_1007,2023-12-01,1.5360638
BRAND_FEAE_COUNTRY_77DA,2023-07-01,0.9865316
BRAND_FEAE_COUNTRY_77DA,2023-08-01,1.0173031
BRAND_FEAE_COUNTRY_77DA,2023-09-01,1.0294037
BRAND_FEAE_COUNTRY_77DA,2023-10-01,1.0391737
BRAND_FEAE_COUNTRY_77DA,2023-11-01,1.0536842
BRAND_FEAE_COUNTRY_77DA,2023-12-01,1.061893
BRAND_9259_COUNTRY_EA71,2023-07-01,0.94280314
BRAND_9259_COUNTRY_EA71,2023-08-01,0.9686328
BRAND_9259_COUNTRY_EA71,2023-09-01,0.97070247
BRAND_9259_COUNTRY_EA71,2023-10-01,0.953367
BRAND_9259_COUNTRY_EA71,2023-11-01,1.0160509
BRAND_9259_COUNTRY_EA71,2023-12-01,1.0148093
BRAND_9259_COUNTRY_0C7D,2023-07-01,1.0092754
BRAND_9259_COUNTRY_0C7D,2023-08-01,1.0186503
BRAND_9259_COUNTRY_0C7D,2023-09-01,1.0223482
BRAND_9259_COUNTRY_0C7D,2023-10-01,1.0292647
BRAND_9259_COUNTRY_0C7D,2023-11-01,1.0508358
BRAND_9259_COUNTRY_0C7D,2023-12-01,1.0462767
BRAND_056A_COUNTRY_3536,2023-07-01,1.0307746
BRAND_056A_COUNTRY_3536,2023-08-01,1.0367858
BRAND_056A_COUNTRY_3536,2023-09-01,1.0388554
BRAND_056A_COUNTRY_3536,2023-10-01,1.045772
BRAND_056A_COUNTRY_3536,2023-11-01,1.0602825
BRAND_056A_COUNTRY_3536,2023-12-01,1.0657992
